{"bing_fil": [null, "33", "6666", "22", "666", "9", null, "33", null, "59"], "google": ["fun", "X", "X", "X", "X", "X", "X", "3", "X", "X"], "sphinx": ["one", "hurry", "it is", "ah", "peg", "no i don't", "oh", "really", "and", "but i do"], "ibm": ["one", "during", "X", "who", "thank", "nine", "you", "very", "to", "I"], "google_fil": ["1", null, null, null, null, null, null, "33", null, null], "wit": ["one", "three", "", "", "hey", "nine", "hello", "three", "two", "hi"], "bing": ["X", "three", "sex", "who", "thanks", "no", "X", "three", "X", "hi"], "sphinx_fil": ["11", "3", null, null, null, null, null, "3", null, "2"], "googleCloud_fil": ["11", null, null, null, null, null, null, "33", null, null], "wit_fil": ["11", "33", null, null, "8", "99", "20", "33", "22", "59"], "ibm_fil": ["11", "39", null, "22", "6", "99", "2", "3", "22", "59"], "final": "1362692325", "googleCloud": ["one", "X", "X", "X", "X", "X", "X", "three", "X", "X"]}