{"google": ["fun", "X", "X", "X", "X", "X", "X", "3", "X", "X"], "sphinx_fil": ["1", "X", "X", "X", "X", "X", "X", "X", "X", "2"], "wit": ["one", "three", "", "", "hey", "nine", "hello", "three", "two", "hi"], "time3": 3.016308069229126, "time8": 1.9426689147949219, "time9": 2.394413948059082, "time4": 1.6876139640808105, "time5": 1.649496078491211, "time6": 4.179028034210205, "time7": 3.772447109222412, "time0": 2.0483579635620117, "time1": 2.099756956100464, "time2": 2.333961009979248, "googleCloud_fil": ["1", "X", "X", "X", "X", "X", "X", "3", "X", "X"], "final": "1362890322", "total_time": 25.333509922027588, "bing_fil": ["X", "3", "6", "2", "X", "9", "X", "3", "X", "X"], "houndify": ["fine", "sorry", "sex", "food", "thanks", "line", "soo", "iiii", "tu", "hi"], "wit_fil": ["1", "3", "X", "X", "8", "9", "0", "3", "2", "X"], "googleCloud": ["one", "X", "X", "X", "X", "X", "X", "three", "X", "X"], "sphinx": ["one", "hurry", "it is", "ah", "peg", "no i don't", "oh", "really", "and", "but i do"], "ibm": ["one", "during", "X", "who", "thank", "nine", "you", "very", "to", "I"], "google_fil": ["1", "X", "X", "X", "X", "X", "X", "3", "X", "X"], "bing": ["X", "three", "sex", "who", "thanks", "no", "X", "three", "X", "hi"], "ibm_fil": ["1", "9", "X", "2", "X", "9", "X", "3", "2", "X"], "houndify_fil": ["9", "X", "6", "X", "X", "9", "2", "X", "X", "X"]}