{"bing_fil": ["X", "3", "X", "X", "X", "X", "X", "3", "X", "X"], "google": ["fun", "X", "X", "X", "X", "X", "X", "3", "X", "X"], "sphinx": ["one", "hurry", "it is", "ah", "peg", "no i don't", "oh", "really", "and", "but i do"], "ibm": ["one", "during", "X", "who", "thank", "nine", "you", "very", "to", "I"], "google_fil": ["X", "X", "X", "X", "X", "X", "X", "3", "X", "X"], "wit": ["one", "three", "", "", "hey", "nine", "hello", "three", "two", "hi"], "bing": ["X", "three", "sex", "who", "thanks", "no", "X", "three", "X", "hi"], "sphinx_fil": ["1", "X", "X", "X", "X", "X", "X", "X", "X", "X"], "googleCloud_fil": ["1", "X", "X", "X", "X", "X", "X", "3", "X", "X"], "wit_fil": ["1", "3", "X", "X", "X", "9", "X", "3", "2", "X"], "ibm_fil": ["1", "X", "X", "X", "X", "9", "X", "X", "2", "X"], "final": "1XXXXXX3XX", "googleCloud": ["one", "X", "X", "X", "X", "X", "X", "three", "X", "X"]}