{"google": ["X", "X", "3", "X", "X", "X", "X", "X", "1", "do"], "sphinx_fil": ["X", "X", "X", "X", "X", "X", "0", "9", "1", "2"], "wit": ["seven", "three", "", "two", "five", "turn", "for a home", "nine", "one", "two"], "time3": 3.4594221115112305, "time8": 1.9935588836669922, "time9": 1.8385181427001953, "time4": 1.7748360633850098, "time5": 9.547529935836792, "time6": 2.591850996017456, "time7": 2.028061866760254, "time0": 2.009981870651245, "time1": 1.8261549472808838, "time2": 2.0120699405670166, "googleCloud_fil": ["7", "3", "3", "X", "X", "X", "3", "X", "1", "2"], "final": "73325X3912", "total_time": 29.409943103790283, "bing_fil": ["7", "X", "3", "X", "X", "X", "X", "9", "1", "2"], "houndify": ["saturn", "really", "sry", "tu", "bye", "sevan", "great", "nine am", "wine", "soo"], "wit_fil": ["7", "3", "X", "2", "5", "X", "X", "9", "1", "2"], "googleCloud": ["seven", "three", "three", "X", "X", "X", "three", "X", "one", "two"], "sphinx": ["then the", "really", "hurrying", "that good", "why", "and then", "they don't", "no i", "one", "two"], "ibm": ["that is", "re", "free", "you", "I", "X", "very", "not", "one", "to"], "google_fil": ["X", "X", "3", "X", "X", "X", "X", "X", "1", "2"], "bing": ["seven", "X", "three", "X", "find", "X", "OK", "nine", "one", "two"], "ibm_fil": ["X", "X", "3", "X", "X", "X", "3", "X", "1", "2"], "houndify_fil": ["X", "X", "X", "X", "X", "X", "X", "9", "9", "2"]}