{"bing_fil": ["77", null, "33", null, "5", null, null, "99", "11", "22"], "google": ["X", "X", "3", "X", "X", "X", "X", "X", "1", "do"], "sphinx": ["then the", "really", "hurrying", "that good", "why", "and then", "they don't", "no i", "one", "two"], "ibm": ["that is", "re", "free", "you", "I", "X", "very", "not", "one", "to"], "google_fil": [null, null, "33", null, null, null, null, null, "11", "2"], "wit": ["seven", "three", "", "two", "five", "turn", "for a home", "nine", "one", "two"], "bing": ["seven", "X", "three", "X", "find", "X", "OK", "nine", "one", "two"], "sphinx_fil": [null, "3", null, null, "5", null, "0", "9", "11", "22"], "googleCloud_fil": ["77", "33", "33", null, null, null, "33", null, "11", "22"], "wit_fil": ["77", "33", null, "22", "55", null, null, "99", "11", "22"], "ibm_fil": [null, null, "33", "2", "59", null, "3", null, "11", "22"], "final": "73325X3912", "googleCloud": ["seven", "three", "three", "X", "X", "X", "three", "X", "one", "two"]}