{"bing_fil": ["7", "X", "3", "X", "X", "X", "X", "9", "1", "2"], "google": ["X", "X", "3", "X", "X", "X", "X", "X", "1", "do"], "sphinx": ["then the", "really", "hurrying", "that good", "why", "and then", "they don't", "no i", "one", "two"], "ibm": ["that is", "re", "free", "you", "I", "X", "very", "not", "one", "to"], "google_fil": ["X", "X", "3", "X", "X", "X", "X", "X", "1", "X"], "wit": ["seven", "three", "", "two", "five", "turn", "for a home", "nine", "one", "two"], "bing": ["seven", "X", "three", "X", "find", "X", "OK", "nine", "one", "two"], "sphinx_fil": ["X", "X", "X", "X", "X", "X", "X", "X", "1", "2"], "googleCloud_fil": ["7", "3", "3", "X", "X", "X", "3", "X", "1", "2"], "wit_fil": ["7", "3", "X", "2", "5", "X", "X", "9", "1", "2"], "ibm_fil": ["X", "X", "X", "X", "X", "X", "X", "X", "1", "2"], "final": "XX3XXXXX12", "googleCloud": ["seven", "three", "three", "X", "X", "X", "three", "X", "one", "two"]}