{"bing_fil": ["X", "5", "X", "3", "X", "X", "1", "5", "X", "X"], "google": ["X", "X", "X", "free", "8", "X", "1", "fight", "X", "X"], "sphinx": ["that one", "bye", "at any other", "really", "did you", "and l. u.", "one", "and", "good", "good"], "ibm": ["X", "by", "X", "re", "X", "no I", "one", "by", "eight", "for"], "google_fil": ["X", "X", "X", "X", "8", "X", "1", "X", "X", "X"], "wit": ["", "five", "", "three", "they", "nine", "one", "five", "", ""], "bing": ["sex", "five", "X", "three", "it", "no", "one", "five", "X", "X"], "sphinx_fil": ["X", "X", "X", "X", "X", "X", "1", "X", "X", "X"], "googleCloud_fil": ["X", "X", "X", "3", "8", "X", "1", "5", "X", "4"], "wit_fil": ["X", "5", "X", "3", "X", "9", "1", "5", "X", "X"], "ibm_fil": ["X", "X", "X", "X", "X", "X", "1", "X", "8", "4"], "final": "XXXXXX1XXX", "googleCloud": ["X", "X", "10", "three", "eight", "X", "one", "five", "X", "four"]}