{"bing_fil": ["6666", "55", null, "33", "68", "9", "11", "55", null, null], "google": ["X", "X", "X", "free", "8", "X", "1", "fight", "X", "X"], "sphinx": ["that one", "bye", "at any other", "really", "did you", "and l. u.", "one", "and", "good", "good"], "ibm": ["X", "by", "X", "re", "X", "no I", "one", "by", "eight", "for"], "google_fil": [null, null, null, "33", "888", null, "11", "5", null, null], "wit": ["", "five", "", "three", "they", "nine", "one", "five", "", ""], "bing": ["sex", "five", "X", "three", "it", "no", "one", "five", "X", "X"], "sphinx_fil": [null, "59", null, "3", null, null, "11", null, null, null], "googleCloud_fil": [null, null, null, "33", "888", null, "11", "55", null, "44"], "wit_fil": [null, "55", null, "33", "8", "99", "11", "55", null, null], "ibm_fil": [null, "59", null, null, null, "9", "11", "59", "888", "44"], "final": "65X3891584", "googleCloud": ["X", "X", "10", "three", "eight", "X", "one", "five", "X", "four"]}