{"google": ["X", "X", "X", "free", "8", "X", "1", "fight", "X", "X"], "sphinx_fil": ["1", "X", "X", "X", "X", "X", "1", "X", "X", "X"], "wit": ["", "five", "", "three", "they", "nine", "one", "five", "", ""], "time3": 1.897968053817749, "time8": 1.8902969360351562, "time9": 3.1382880210876465, "time4": 2.6240029335021973, "time5": 1.9090828895568848, "time6": 1.5806331634521484, "time7": 3.312790870666504, "time0": 2.772148847579956, "time1": 2.365302085876465, "time2": 2.3222758769989014, "googleCloud_fil": ["X", "X", "X", "3", "8", "X", "1", "5", "X", "4"], "final": "15X3891584", "total_time": 24.062489986419678, "bing_fil": ["6", "5", "X", "3", "8", "9", "1", "5", "X", "X"], "houndify": ["X", "X", "X", "X", "X", "X", "X", "X", "X", "X"], "wit_fil": ["X", "5", "X", "3", "8", "9", "1", "5", "X", "X"], "googleCloud": ["X", "X", "10", "three", "eight", "X", "one", "five", "X", "four"], "sphinx": ["that one", "bye", "at any other", "really", "did you", "and l. u.", "one", "and", "good", "good"], "ibm": ["X", "by", "X", "re", "X", "no I", "one", "by", "eight", "for"], "google_fil": ["X", "X", "X", "3", "8", "X", "1", "5", "X", "X"], "bing": ["sex", "five", "X", "three", "it", "no", "one", "five", "X", "X"], "ibm_fil": ["X", "X", "X", "X", "X", "9", "1", "X", "8", "4"], "houndify_fil": ["X", "X", "X", "X", "X", "X", "X", "X", "X", "X"]}