{"bing_fil": ["888", "22", null, "55", null, "6666", "33", "11", "77", "33"], "google": ["X", "X", "X", "X", "X", "X", "3", "1", "Kevin", "X"], "sphinx": ["a pair", "lou", "hey", "bob", "hey", "what", "lou", "juan", "at the end", "really"], "ibm": ["eight", "true", "it", "far", "I", "Rick what", "three", "one", "there", "every"], "google_fil": [null, null, null, null, null, null, "33", "11", null, null], "wit": ["hey", "two", "", "what", "i", "six", "three", "one", "seven", "three"], "bing": ["eight", "two", "X", "five", "X", "sex", "free", "one", "seven", "three"], "sphinx_fil": [null, "2", "8", null, "8", null, "2", "1", null, "3"], "googleCloud_fil": ["888", "22", null, "55", null, null, "33", null, "77", "33"], "wit_fil": ["8", "22", null, null, "59", "6666", "33", "11", "77", "33"], "ibm_fil": ["888", "2", "68", null, "59", null, "33", "11", null, null], "final": "8285563173", "googleCloud": ["eight", "two", "X", "five", "X", "X", "three", "X", "seven", "three"]}