{"google": ["X", "X", "X", "X", "X", "X", "3", "1", "Kevin", "X"], "sphinx_fil": ["X", "X", "8", "X", "8", "X", "X", "1", "X", "X"], "wit": ["hey", "two", "", "what", "i", "six", "three", "one", "seven", "three"], "time3": 2.2415590286254883, "time8": 3.176107883453369, "time9": 2.835710048675537, "time4": 2.1960949897766113, "time5": 5.2013490200042725, "time6": 1.9467179775238037, "time7": 1.5033018589019775, "time0": 3.0648810863494873, "time1": 1.66379714012146, "time2": 2.303853988647461, "googleCloud_fil": ["8", "2", "X", "5", "X", "X", "3", "X", "7", "3"], "final": "8285863173", "total_time": 26.340441942214966, "bing_fil": ["8", "2", "X", "5", "X", "6", "3", "1", "7", "3"], "houndify": ["X", "X", "X", "X", "X", "X", "X", "X", "X", "X"], "wit_fil": ["8", "2", "X", "X", "X", "6", "3", "1", "7", "3"], "googleCloud": ["eight", "two", "X", "five", "X", "X", "three", "X", "seven", "three"], "sphinx": ["a pair", "lou", "hey", "bob", "hey", "what", "lou", "juan", "at the end", "really"], "ibm": ["eight", "true", "it", "far", "I", "Rick what", "three", "one", "there", "every"], "google_fil": ["X", "X", "X", "X", "X", "X", "3", "1", "X", "X"], "bing": ["eight", "two", "X", "five", "X", "sex", "free", "one", "seven", "three"], "ibm_fil": ["8", "X", "8", "X", "X", "X", "3", "1", "X", "X"], "houndify_fil": ["X", "X", "X", "X", "X", "X", "X", "X", "X", "X"]}