{"bing_fil": ["8", "2", "X", "5", "X", "X", "X", "1", "7", "3"], "google": ["X", "X", "X", "X", "X", "X", "3", "1", "Kevin", "X"], "sphinx": ["a pair", "lou", "hey", "bob", "hey", "what", "lou", "juan", "at the end", "really"], "ibm": ["eight", "true", "it", "far", "I", "Rick what", "three", "one", "there", "every"], "google_fil": ["X", "X", "X", "X", "X", "X", "3", "1", "X", "X"], "wit": ["hey", "two", "", "what", "i", "six", "three", "one", "seven", "three"], "bing": ["eight", "two", "X", "five", "X", "sex", "free", "one", "seven", "three"], "sphinx_fil": ["X", "X", "X", "X", "X", "X", "X", "X", "X", "X"], "googleCloud_fil": ["8", "2", "X", "5", "X", "X", "3", "X", "7", "3"], "wit_fil": ["X", "2", "X", "X", "X", "6", "3", "1", "7", "3"], "ibm_fil": ["8", "X", "X", "X", "X", "X", "3", "1", "X", "X"], "final": "XXXXXX31XX", "googleCloud": ["eight", "two", "X", "five", "X", "X", "three", "X", "seven", "three"]}