{"bing_fil": ["00", "4", "77", "11", "33", "99", "33", null, "77", "5"], "google": ["0", "X", "7", "1", "3", "X", "X", "X", "7", "5"], "sphinx": ["and you know", "good morning", "that and", "the lawn", "really", "nagging", "late", "hello i am", "lieutenant", "i did"], "ibm": ["zero", "or", "that", "we want", "really", "not", "three", "well I'm", "hello", "I"], "google_fil": ["00", null, "77", "11", "33", null, null, null, "77", "55"], "wit": ["your", "who won", "seven", "one", "three", "", "three", "when", "seven", "buy"], "bing": ["zero", "porn", "seven", "one", "three", "nine", "three", "four AM", "seven", "find"], "sphinx_fil": [null, null, null, null, "3", null, "8", null, null, null], "googleCloud_fil": ["00", null, "77", "11", "33", null, "33", null, "77", "55"], "wit_fil": [null, "1", "77", "11", "33", null, "33", null, "77", "59"], "ibm_fil": ["00", "44", null, null, "3", null, "33", null, "20", "59"], "final": "0471393X75", "googleCloud": ["zero", "X", "seven", "one", "three", "X", "three", "X", "seven", "five"]}