{"bing_fil": ["0", "X", "7", "1", "3", "9", "3", "X", "7", "X"], "google": ["0", "X", "7", "1", "3", "X", "X", "X", "7", "5"], "sphinx": ["and you know", "good morning", "that and", "the lawn", "really", "nagging", "late", "hello i am", "lieutenant", "i did"], "ibm": ["zero", "or", "that", "we want", "really", "not", "three", "well I'm", "hello", "I"], "google_fil": ["0", "X", "7", "1", "3", "X", "X", "X", "7", "5"], "wit": ["your", "who won", "seven", "one", "three", "", "three", "when", "seven", "buy"], "bing": ["zero", "porn", "seven", "one", "three", "nine", "three", "four AM", "seven", "find"], "sphinx_fil": ["X", "X", "X", "X", "X", "X", "X", "X", "X", "X"], "googleCloud_fil": ["0", "X", "7", "1", "3", "X", "3", "X", "7", "5"], "wit_fil": ["X", "X", "7", "1", "3", "X", "3", "X", "7", "X"], "ibm_fil": ["0", "X", "X", "X", "X", "X", "3", "X", "X", "X"], "final": "0X713X3X7X", "googleCloud": ["zero", "X", "seven", "one", "three", "X", "three", "X", "seven", "five"]}