{"google": ["0", "X", "7", "1", "3", "X", "X", "X", "7", "5"], "sphinx_fil": ["X", "X", "X", "X", "X", "X", "8", "X", "X", "X"], "wit": ["your", "who won", "seven", "one", "three", "", "three", "when", "seven", "buy"], "time3": 1.6322779655456543, "time8": 2.2233099937438965, "time9": 2.617759943008423, "time4": 1.6502711772918701, "time5": 1.4121811389923096, "time6": 2.5104029178619385, "time7": 1.3937978744506836, "time0": 1.5653550624847412, "time1": 1.9144880771636963, "time2": 1.4753539562225342, "googleCloud_fil": ["0", "X", "7", "1", "3", "X", "3", "X", "7", "5"], "final": "0471393X75", "total_time": 18.58924698829651, "bing_fil": ["0", "X", "7", "1", "3", "9", "3", "X", "7", "X"], "houndify": ["X", "X", "X", "X", "X", "X", "X", "X", "X", "X"], "wit_fil": ["X", "X", "7", "1", "3", "X", "3", "X", "7", "X"], "googleCloud": ["zero", "X", "seven", "one", "three", "X", "three", "X", "seven", "five"], "sphinx": ["and you know", "good morning", "that and", "the lawn", "really", "nagging", "late", "hello i am", "lieutenant", "i did"], "ibm": ["zero", "or", "that", "we want", "really", "not", "three", "well I'm", "hello", "I"], "google_fil": ["0", "X", "7", "1", "3", "X", "X", "X", "7", "5"], "bing": ["zero", "porn", "seven", "one", "three", "nine", "three", "four AM", "seven", "find"], "ibm_fil": ["0", "4", "X", "X", "X", "X", "3", "X", "0", "X"], "houndify_fil": ["X", "X", "X", "X", "X", "X", "X", "X", "X", "X"]}