{"google": ["1", "0", "1", "X", "X", "X", "X", "1", "X", "X"], "sphinx_fil": ["X", "X", "X", "X", "X", "X", "8", "X", "X", "8"], "wit": ["one", "yo", "why", "four", "or", "", "hey", "one", "i", "hey"], "time3": 1.8427801132202148, "time8": 1.786949872970581, "time9": 2.138385057449341, "time4": 2.577239990234375, "time5": 2.139975070953369, "time6": 3.2142159938812256, "time7": 1.4632909297943115, "time0": 1.6670989990234375, "time1": 2.104556083679199, "time2": 2.159201145172119, "googleCloud_fil": ["1", "0", "1", "4", "X", "7", "X", "1", "5", "X"], "final": "1014478158", "total_time": 21.222290992736816, "bing_fil": ["X", "X", "X", "X", "X", "X", "X", "1", "X", "X"], "houndify": ["X", "X", "X", "X", "X", "X", "X", "X", "X", "X"], "wit_fil": ["1", "0", "X", "4", "4", "X", "8", "1", "X", "8"], "googleCloud": ["one", "zero", "one", "four", "X", "seven", "X", "one", "five", "X"], "sphinx": ["wanted", "do you know", "why", "the new york", "what", "good", "hey", "martin", "ah ha you", "they"], "ibm": ["one", "zero", "one", "or", "or", "so", "X", "one", "I", "six"], "google_fil": ["1", "0", "1", "X", "X", "X", "X", "1", "X", "X"], "bing": ["X", "X", "X", "X", "X", "X", "X", "one", "bye", "X"], "ibm_fil": ["1", "0", "1", "4", "4", "X", "X", "1", "X", "6"], "houndify_fil": ["X", "X", "X", "X", "X", "X", "X", "X", "X", "X"]}