{"bing_fil": ["X", "X", "X", "X", "X", "X", "X", "1", "X", "X"], "google": ["1", "0", "1", "X", "X", "X", "X", "1", "X", "X"], "sphinx": ["wanted", "do you know", "why", "the new york", "what", "good", "hey", "martin", "ah ha you", "they"], "ibm": ["one", "zero", "one", "or", "or", "so", "X", "one", "I", "six"], "google_fil": ["1", "0", "1", "X", "X", "X", "X", "1", "X", "X"], "wit": ["one", "yo", "why", "four", "or", "", "hey", "one", "i", "hey"], "bing": ["X", "X", "X", "X", "X", "X", "X", "one", "bye", "X"], "sphinx_fil": ["X", "X", "X", "X", "X", "X", "X", "X", "X", "X"], "googleCloud_fil": ["1", "0", "1", "4", "X", "7", "X", "1", "5", "X"], "wit_fil": ["1", "X", "X", "4", "X", "X", "X", "1", "X", "X"], "ibm_fil": ["1", "0", "1", "X", "X", "X", "X", "1", "X", "6"], "final": "101XXXX1XX", "googleCloud": ["one", "zero", "one", "four", "X", "seven", "X", "one", "five", "X"]}