{"bing_fil": [null, null, null, null, null, null, null, "11", "59", null], "google": ["1", "0", "1", "X", "X", "X", "X", "1", "X", "X"], "sphinx": ["wanted", "do you know", "why", "the new york", "what", "good", "hey", "martin", "ah ha you", "they"], "ibm": ["one", "zero", "one", "or", "or", "so", "X", "one", "I", "six"], "google_fil": ["11", "00", "11", null, null, null, null, "11", null, null], "wit": ["one", "yo", "why", "four", "or", "", "hey", "one", "i", "hey"], "bing": ["X", "X", "X", "X", "X", "X", "X", "one", "bye", "X"], "sphinx_fil": [null, null, "5", null, null, null, "8", null, null, "8"], "googleCloud_fil": ["11", "00", "11", "44", null, "77", null, "11", "55", null], "wit_fil": ["11", "0", "5", "44", "44", null, "8", "11", "59", "8"], "ibm_fil": ["11", "00", "11", "44", "44", "2", null, "11", "59", "6666"], "final": "1014478156", "googleCloud": ["one", "zero", "one", "four", "X", "seven", "X", "one", "five", "X"]}