{"bing_fil": ["22", "888", null, null, null, null, null, null, null, null], "google": ["X", "X", "X", "3", "4", "X", "X", "Lauren", "8", "X"], "sphinx": ["two", "the", "hey", "do you", "boy", "why", "he had them", "then", "they", "warren"], "ibm": ["to", "eight", "a", "three", "or", "or", "yeah", "nine", "a", "Warren"], "google_fil": [null, null, null, "33", "44", null, null, null, "888", null], "wit": ["who", "eight", "hey", "three", "four", "boy", "yeah", "nine", "eight", "one"], "bing": ["two", "eight", "X", "X", "X", "X", "X", "X", "X", "X"], "sphinx_fil": ["22", null, "8", null, null, "5", null, "8", "8", null], "googleCloud_fil": ["22", null, null, "33", "44", "44", null, "99", "888", "11"], "wit_fil": ["22", "888", "8", "33", "44", null, "0", "99", "888", "11"], "ibm_fil": ["22", "888", "8", "33", "44", "44", "0", "99", "8", "1"], "final": "2883440981", "googleCloud": ["two", "X", "X", "three", "four", "four", "X", "nine", "eight", "one"]}