{"bing_fil": ["2", "8", "X", "X", "X", "X", "X", "X", "X", "X"], "google": ["X", "X", "X", "3", "4", "X", "X", "Lauren", "8", "X"], "sphinx": ["two", "the", "hey", "do you", "boy", "why", "he had them", "then", "they", "warren"], "ibm": ["to", "eight", "a", "three", "or", "or", "yeah", "nine", "a", "Warren"], "google_fil": ["X", "X", "X", "3", "4", "X", "X", "X", "8", "X"], "wit": ["who", "eight", "hey", "three", "four", "boy", "yeah", "nine", "eight", "one"], "bing": ["two", "eight", "X", "X", "X", "X", "X", "X", "X", "X"], "sphinx_fil": ["2", "X", "X", "X", "X", "X", "X", "X", "X", "X"], "googleCloud_fil": ["2", "X", "X", "3", "4", "4", "X", "9", "8", "1"], "wit_fil": ["X", "8", "X", "3", "4", "X", "X", "9", "8", "1"], "ibm_fil": ["2", "8", "X", "3", "X", "X", "X", "9", "X", "X"], "final": "2XX34XXX8X", "googleCloud": ["two", "X", "X", "three", "four", "four", "X", "nine", "eight", "one"]}