{"google": ["X", "X", "X", "3", "4", "X", "X", "Lauren", "8", "X"], "sphinx_fil": ["2", "X", "8", "X", "X", "X", "X", "X", "8", "X"], "wit": ["who", "eight", "hey", "three", "four", "boy", "yeah", "nine", "eight", "one"], "time3": 1.8618040084838867, "time8": 1.8746469020843506, "time9": 1.7873609066009521, "time4": 1.7332000732421875, "time5": 1.953840970993042, "time6": 2.3624210357666016, "time7": 2.280550003051758, "time0": 2.1078221797943115, "time1": 3.625770092010498, "time2": 2.5129990577697754, "googleCloud_fil": ["2", "X", "X", "3", "4", "4", "X", "9", "8", "1"], "final": "2883440981", "total_time": 22.328186988830566, "bing_fil": ["2", "8", "X", "X", "X", "X", "X", "X", "X", "X"], "houndify": ["tu", "ate", "ay", "re", "bor", "i'm bored", "now and then", "mine", "ate", "warren"], "wit_fil": ["2", "8", "8", "3", "4", "X", "0", "9", "8", "1"], "googleCloud": ["two", "X", "X", "three", "four", "four", "X", "nine", "eight", "one"], "sphinx": ["two", "the", "hey", "do you", "boy", "why", "he had them", "then", "they", "warren"], "ibm": ["to", "eight", "a", "three", "or", "or", "yeah", "nine", "a", "Warren"], "google_fil": ["X", "X", "X", "3", "4", "X", "X", "X", "8", "X"], "bing": ["two", "eight", "X", "X", "X", "X", "X", "X", "X", "X"], "ibm_fil": ["2", "8", "8", "3", "4", "4", "0", "9", "8", "X"], "houndify_fil": ["X", "8", "X", "X", "X", "X", "X", "9", "8", "X"]}