{"bing_fil": ["6666", "22", "11", "9", null, null, "99", null, "55", "22"], "google": ["sex", "X", "1", "X", "X", "X", "9", "X", "X", "X"], "sphinx": ["they", "i do", "juan", "nah i'm", "whew", "latin", "bang", "the", "bob", "hale"], "ibm": ["X", "to", "one", "are", "you", "right", "nine", "they don't", "are", "to"], "google_fil": ["6666", null, "11", null, null, null, "99", null, null, null], "wit": ["they", "two", "one", "no", "", "alright", "nine", "", "five", "two"], "bing": ["sex", "two", "one", "no", "X", "X", "nine", "little", "five", "two"], "sphinx_fil": ["8", "2", "1", null, "2", null, null, null, null, null], "googleCloud_fil": ["6666", "22", "11", null, null, null, "99", null, null, null], "wit_fil": ["8", "22", "11", "9", null, null, "99", null, "55", "22"], "ibm_fil": [null, "22", "11", null, "2", null, "99", "0", null, "22"], "final": "62192X9052", "googleCloud": ["six", "two", "one", "X", "X", "X", "nine", "X", "X", "X"]}