{"bing_fil": ["X", "2", "1", "X", "X", "X", "9", "X", "5", "2"], "google": ["sex", "X", "1", "X", "X", "X", "9", "X", "X", "X"], "sphinx": ["they", "i do", "juan", "nah i'm", "whew", "latin", "bang", "the", "bob", "hale"], "ibm": ["X", "to", "one", "are", "you", "right", "nine", "they don't", "are", "to"], "google_fil": ["X", "X", "1", "X", "X", "X", "9", "X", "X", "X"], "wit": ["they", "two", "one", "no", "", "alright", "nine", "", "five", "two"], "bing": ["sex", "two", "one", "no", "X", "X", "nine", "little", "five", "two"], "sphinx_fil": ["X", "X", "X", "X", "X", "X", "X", "X", "X", "X"], "googleCloud_fil": ["6", "2", "1", "X", "X", "X", "9", "X", "X", "X"], "wit_fil": ["X", "2", "1", "X", "X", "X", "9", "X", "5", "2"], "ibm_fil": ["X", "2", "1", "X", "X", "X", "9", "X", "X", "2"], "final": "X21XXX9XXX", "googleCloud": ["six", "two", "one", "X", "X", "X", "nine", "X", "X", "X"]}