{"google": ["sex", "X", "1", "X", "X", "X", "9", "X", "X", "X"], "sphinx_fil": ["8", "2", "1", "X", "2", "X", "X", "X", "X", "X"], "wit": ["they", "two", "one", "no", "", "alright", "nine", "", "five", "two"], "time3": 2.0139870643615723, "time8": 1.6218481063842773, "time9": 1.8326339721679688, "time4": 3.1132359504699707, "time5": 17.905670881271362, "time6": 2.2657649517059326, "time7": 2.1001741886138916, "time0": 1.800126075744629, "time1": 3.648108959197998, "time2": 1.9831230640411377, "googleCloud_fil": ["6", "2", "1", "X", "X", "X", "9", "X", "X", "X"], "final": "62192X9052", "total_time": 38.489903926849365, "bing_fil": ["6", "2", "1", "9", "X", "X", "9", "X", "5", "2"], "houndify": ["X", "X", "X", "X", "X", "X", "X", "X", "X", "X"], "wit_fil": ["8", "2", "1", "9", "X", "X", "9", "X", "5", "2"], "googleCloud": ["six", "two", "one", "X", "X", "X", "nine", "X", "X", "X"], "sphinx": ["they", "i do", "juan", "nah i'm", "whew", "latin", "bang", "the", "bob", "hale"], "ibm": ["X", "to", "one", "are", "you", "right", "nine", "they don't", "are", "to"], "google_fil": ["6", "X", "1", "X", "X", "X", "9", "X", "X", "X"], "bing": ["sex", "two", "one", "no", "X", "X", "nine", "little", "five", "two"], "ibm_fil": ["X", "2", "1", "X", "X", "X", "9", "0", "X", "2"], "houndify_fil": ["X", "X", "X", "X", "X", "X", "X", "X", "X", "X"]}