{"bing_fil": ["X", "X", "7", "X", "5", "4", "7", "X", "X", "X"], "google": ["X", "X", "7", "nice", "5", "X", "7", "X", "X", "X"], "sphinx": ["your own", "they don't", "i haven't", "madame", "god", "horror", "back then", "no i'm", "good morning", "and then"], "ibm": ["zero", "they don't", "that", "night", "I", "or", "that", "nine", "or", "yeah"], "google_fil": ["X", "X", "7", "X", "5", "X", "7", "X", "X", "X"], "wit": ["yo", "", "seven", "nine", "five", "four", "seven", "nine", "who won", ""], "bing": ["you're well", "X", "seven", "nice", "five", "four", "seven", "no", "porn", "X"], "sphinx_fil": ["X", "X", "X", "X", "X", "X", "X", "X", "X", "X"], "googleCloud_fil": ["0", "X", "7", "9", "5", "4", "7", "X", "X", "X"], "wit_fil": ["X", "X", "7", "9", "5", "4", "7", "9", "X", "X"], "ibm_fil": ["0", "X", "X", "X", "X", "X", "X", "9", "X", "X"], "final": "XX7X5X7XXX", "googleCloud": ["zero", "X", "seven", "nine", "five", "four", "seven", "X", "X", "X"]}