{"bing_fil": [null, null, "77", "9", "55", "44", "77", "9", "4", null], "google": ["X", "X", "7", "nice", "5", "X", "7", "X", "X", "X"], "sphinx": ["your own", "they don't", "i haven't", "madame", "god", "horror", "back then", "no i'm", "good morning", "and then"], "ibm": ["zero", "they don't", "that", "night", "I", "or", "that", "nine", "or", "yeah"], "google_fil": [null, null, "77", "9", "55", null, "77", null, null, null], "wit": ["yo", "", "seven", "nine", "five", "four", "seven", "nine", "who won", ""], "bing": ["you're well", "X", "seven", "nice", "five", "four", "seven", "no", "porn", "X"], "sphinx_fil": [null, "0", "7", null, null, null, null, "9", null, null], "googleCloud_fil": ["00", null, "77", "99", "55", "44", "77", null, null, null], "wit_fil": ["0", null, "77", "99", "55", "44", "77", "99", "1", null], "ibm_fil": ["00", "0", null, "9", "59", "44", null, "99", "44", "0"], "final": "0079547940", "googleCloud": ["zero", "X", "seven", "nine", "five", "four", "seven", "X", "X", "X"]}