{"google": ["X", "X", "7", "nice", "5", "X", "7", "X", "X", "X"], "sphinx_fil": ["X", "0", "7", "X", "X", "X", "X", "X", "X", "X"], "wit": ["yo", "", "seven", "nine", "five", "four", "seven", "nine", "who won", ""], "time3": 2.0544819831848145, "time8": 2.64247989654541, "time9": 2.970970869064331, "time4": 1.6315181255340576, "time5": 1.7784979343414307, "time6": 1.7877671718597412, "time7": 1.7345929145812988, "time0": 1.9287230968475342, "time1": 1.9241268634796143, "time2": 1.763735055923462, "googleCloud_fil": ["0", "X", "7", "9", "5", "4", "7", "X", "X", "X"], "final": "0079547947", "total_time": 20.45218300819397, "bing_fil": ["X", "X", "7", "X", "5", "4", "7", "9", "X", "X"], "houndify": ["hero", "hero", "seventh", "nice", "fiv", "fore", "sevens", "ninety", "who won", "seventh"], "wit_fil": ["0", "X", "7", "9", "5", "4", "7", "9", "X", "X"], "googleCloud": ["zero", "X", "seven", "nine", "five", "four", "seven", "X", "X", "X"], "sphinx": ["your own", "they don't", "i haven't", "madame", "god", "horror", "back then", "no i'm", "good morning", "and then"], "ibm": ["zero", "they don't", "that", "night", "I", "or", "that", "nine", "or", "yeah"], "google_fil": ["X", "X", "7", "X", "5", "X", "7", "X", "X", "X"], "bing": ["you're well", "X", "seven", "nice", "five", "four", "seven", "no", "porn", "X"], "ibm_fil": ["0", "0", "X", "9", "X", "4", "X", "9", "4", "0"], "houndify_fil": ["0", "0", "7", "X", "X", "X", "7", "9", "X", "7"]}