{"bing_fil": ["8", "6", "99", "11", "77", "33", "33", "22", null, "11"], "google": ["X", "X", "9", "X", "Frozen", "free", "free", "2", "X", "X"], "sphinx": ["hey", "then", "now i am", "then", "heaven", "hurrying", "they had", "in", "hey", "warren"], "ibm": ["they", "X", "I", "yeah", "never", "free", "during", "through", "all", "one"], "google_fil": [null, null, "99", null, "7", "33", "33", "22", null, null], "wit": ["", "", "nine", "one", "seven", "three", "three", "two", "", "one"], "bing": ["hey", "dick", "nine", "one", "seven", "free", "free", "two", "X", "one"], "sphinx_fil": ["8", "8", null, "8", "7", null, null, null, "8", null], "googleCloud_fil": ["888", null, "99", null, "77", "33", "33", "22", null, "11"], "wit_fil": [null, null, "99", "11", "77", "33", "33", "22", null, "11"], "ibm_fil": ["8", null, "59", "0", null, "33", "39", null, null, "11"], "final": "8691733281", "googleCloud": ["eight", "X", "nine", "X", "seven", "three", "three", "two", "X", "one"]}