{"bing_fil": ["X", "X", "9", "1", "7", "X", "X", "2", "X", "1"], "google": ["X", "X", "9", "X", "Frozen", "free", "free", "2", "X", "X"], "sphinx": ["hey", "then", "now i am", "then", "heaven", "hurrying", "they had", "in", "hey", "warren"], "ibm": ["they", "X", "I", "yeah", "never", "free", "during", "through", "all", "one"], "google_fil": ["X", "X", "9", "X", "X", "X", "X", "2", "X", "X"], "wit": ["", "", "nine", "one", "seven", "three", "three", "two", "", "one"], "bing": ["hey", "dick", "nine", "one", "seven", "free", "free", "two", "X", "one"], "sphinx_fil": ["X", "X", "X", "X", "X", "X", "X", "X", "X", "X"], "googleCloud_fil": ["8", "X", "9", "X", "7", "3", "3", "2", "X", "1"], "wit_fil": ["X", "X", "9", "1", "7", "3", "3", "2", "X", "1"], "ibm_fil": ["X", "X", "X", "X", "X", "X", "X", "X", "X", "1"], "final": "XX9XXXX2X1", "googleCloud": ["eight", "X", "nine", "X", "seven", "three", "three", "two", "X", "one"]}