{"google": ["X", "X", "9", "X", "Frozen", "free", "free", "2", "X", "X"], "sphinx_fil": ["8", "X", "X", "X", "7", "X", "X", "X", "8", "X"], "wit": ["", "", "nine", "one", "seven", "three", "three", "two", "", "one"], "time3": 1.7522962093353271, "time8": 1.8078999519348145, "time9": 1.5711708068847656, "time4": 2.6793298721313477, "time5": 2.36346697807312, "time6": 2.8004848957061768, "time7": 1.492189884185791, "time0": 3.1488168239593506, "time1": 2.6335530281066895, "time2": 2.0329511165618896, "googleCloud_fil": ["8", "X", "9", "X", "7", "3", "3", "2", "X", "1"], "final": "8691733281", "total_time": 22.433652877807617, "bing_fil": ["8", "6", "9", "1", "7", "3", "3", "2", "X", "1"], "houndify": ["X", "X", "X", "X", "X", "X", "X", "X", "X", "X"], "wit_fil": ["X", "X", "9", "1", "7", "3", "3", "2", "X", "1"], "googleCloud": ["eight", "X", "nine", "X", "seven", "three", "three", "two", "X", "one"], "sphinx": ["hey", "then", "now i am", "then", "heaven", "hurrying", "they had", "in", "hey", "warren"], "ibm": ["they", "X", "I", "yeah", "never", "free", "during", "through", "all", "one"], "google_fil": ["X", "X", "9", "X", "X", "3", "3", "2", "X", "X"], "bing": ["hey", "dick", "nine", "one", "seven", "free", "free", "two", "X", "one"], "ibm_fil": ["8", "X", "X", "0", "X", "3", "9", "X", "X", "1"], "houndify_fil": ["X", "X", "X", "X", "X", "X", "X", "X", "X", "X"]}