{"bing_fil": ["11", "888", "2", "44", null, null, "55", null, null, null], "google": ["X", "8", "X", "Ford", "X", "X", "X", "X", "X", "0"], "sphinx": ["one", "eight", "though at", "good", "hey", "a", "bob", "they are", "oh", "jail"], "ibm": ["one", "eight", "so", "for", "we", "X", "are", "eight", "or", "there"], "google_fil": [null, "888", null, null, null, null, null, null, null, "00"], "wit": ["one", "eight", "hello", "four", "right", "", "five", "eight", "who", "zero"], "bing": ["one", "eight", "do", "four", "read", "X", "five", "X", "X", "X"], "sphinx_fil": ["11", "888", null, null, "8", "8", null, null, null, null], "googleCloud_fil": [null, "888", null, "44", "33", null, "55", "888", null, "00"], "wit_fil": ["11", "888", "20", "44", null, null, "55", "888", "22", "00"], "ibm_fil": ["11", "888", "2", "44", "33", null, null, "888", "44", null], "final": "1824385840", "googleCloud": ["X", "eight", "X", "four", "three", "X", "five", "eight", "X", "zero"]}