{"bing_fil": ["1", "8", "X", "4", "X", "X", "5", "X", "X", "X"], "google": ["X", "8", "X", "Ford", "X", "X", "X", "X", "X", "0"], "sphinx": ["one", "eight", "though at", "good", "hey", "a", "bob", "they are", "oh", "jail"], "ibm": ["one", "eight", "so", "for", "we", "X", "are", "eight", "or", "there"], "google_fil": ["X", "8", "X", "X", "X", "X", "X", "X", "X", "0"], "wit": ["one", "eight", "hello", "four", "right", "", "five", "eight", "who", "zero"], "bing": ["one", "eight", "do", "four", "read", "X", "five", "X", "X", "X"], "sphinx_fil": ["1", "8", "X", "X", "X", "X", "X", "X", "X", "X"], "googleCloud_fil": ["X", "8", "X", "4", "3", "X", "5", "8", "X", "0"], "wit_fil": ["1", "8", "X", "4", "X", "X", "5", "8", "X", "0"], "ibm_fil": ["1", "8", "X", "4", "X", "X", "X", "8", "X", "X"], "final": "18X4XXXXX0", "googleCloud": ["X", "eight", "X", "four", "three", "X", "five", "eight", "X", "zero"]}