{"google": ["X", "8", "X", "Ford", "X", "X", "X", "X", "X", "0"], "sphinx_fil": ["1", "8", "X", "X", "8", "8", "X", "X", "X", "X"], "wit": ["one", "eight", "hello", "four", "right", "", "five", "eight", "who", "zero"], "time3": 2.960555076599121, "time8": 3.0916500091552734, "time9": 1.6553938388824463, "time4": 3.0303070545196533, "time5": 3.019289970397949, "time6": 2.0115931034088135, "time7": 2.0565130710601807, "time0": 1.9653780460357666, "time1": 1.9271421432495117, "time2": 2.4162180423736572, "googleCloud_fil": ["X", "8", "X", "4", "3", "X", "5", "8", "X", "0"], "final": "1804385840", "total_time": 24.38312005996704, "bing_fil": ["1", "8", "2", "4", "X", "X", "5", "X", "X", "X"], "houndify": ["X", "X", "X", "X", "X", "X", "X", "X", "X", "X"], "wit_fil": ["1", "8", "0", "4", "X", "X", "5", "8", "2", "0"], "googleCloud": ["X", "eight", "X", "four", "three", "X", "five", "eight", "X", "zero"], "sphinx": ["one", "eight", "though at", "good", "hey", "a", "bob", "they are", "oh", "jail"], "ibm": ["one", "eight", "so", "for", "we", "X", "are", "eight", "or", "there"], "google_fil": ["X", "8", "X", "X", "X", "X", "X", "X", "X", "0"], "bing": ["one", "eight", "do", "four", "read", "X", "five", "X", "X", "X"], "ibm_fil": ["1", "8", "X", "4", "X", "X", "X", "8", "4", "X"], "houndify_fil": ["X", "X", "X", "X", "X", "X", "X", "X", "X", "X"]}