{"bing_fil": ["X", "X", "8", "X", "X", "4", "X", "1", "8", "X"], "google": ["X", "X", "8", "X", "X", "4", "X", "1", "X", "X"], "sphinx": ["bye", "life", "a thing", "the", "that", "all right", "i didn't", "lauren", "eight", "at one"], "ibm": ["I", "right", "a", "nine", "X", "or", "it", "one", "eight", "there"], "google_fil": ["X", "X", "8", "X", "X", "4", "X", "1", "X", "X"], "wit": ["hi", "right", "eight", "nine", "what", "four", "", "one", "hey", ""], "bing": ["i", "price", "eight", "night", "sex", "four", "sex", "one", "eight", "X"], "sphinx_fil": ["X", "X", "X", "X", "X", "X", "X", "X", "8", "X"], "googleCloud_fil": ["5", "X", "8", "X", "X", "4", "X", "1", "8", "X"], "wit_fil": ["X", "X", "8", "9", "X", "4", "X", "1", "X", "X"], "ibm_fil": ["X", "X", "X", "9", "X", "X", "X", "1", "8", "X"], "final": "XX8XX4X18X", "googleCloud": ["five", "X", "eight", "X", "X", "four", "X", "one", "eight", "X"]}