{"google": ["X", "X", "8", "X", "X", "4", "X", "1", "X", "X"], "sphinx_fil": ["X", "X", "X", "X", "X", "X", "X", "X", "8", "1"], "wit": ["hi", "right", "eight", "nine", "what", "four", "", "one", "hey", ""], "time3": 2.668571949005127, "time8": 2.04316782951355, "time9": 2.433864116668701, "time4": 2.449713945388794, "time5": 4.010097026824951, "time6": 2.8441309928894043, "time7": 2.2071940898895264, "time0": 6.211302995681763, "time1": 2.195966958999634, "time2": 2.7372210025787354, "googleCloud_fil": ["5", "X", "8", "X", "X", "4", "X", "1", "8", "X"], "final": "5X89646181", "total_time": 29.997859954833984, "bing_fil": ["X", "X", "8", "9", "6", "4", "6", "1", "8", "X"], "houndify": ["hi", "cry", "ay", "ninety", "", "fore", "sex", "wine", "akon", ""], "wit_fil": ["X", "X", "8", "9", "X", "4", "X", "1", "8", "X"], "googleCloud": ["five", "X", "eight", "X", "X", "four", "X", "one", "eight", "X"], "sphinx": ["bye", "life", "a thing", "the", "that", "all right", "i didn't", "lauren", "eight", "at one"], "ibm": ["I", "right", "a", "nine", "X", "or", "it", "one", "eight", "there"], "google_fil": ["X", "X", "8", "X", "X", "4", "X", "1", "X", "X"], "bing": ["i", "price", "eight", "night", "sex", "four", "sex", "one", "eight", "X"], "ibm_fil": ["X", "X", "8", "9", "X", "4", "8", "1", "8", "X"], "houndify_fil": ["X", "X", "X", "9", "X", "X", "6", "9", "X", "X"]}