{"bing_fil": ["59", null, "888", "9", "6666", "44", "6666", "11", "888", null], "google": ["X", "X", "8", "X", "X", "4", "X", "1", "X", "X"], "sphinx": ["bye", "life", "a thing", "the", "that", "all right", "i didn't", "lauren", "eight", "at one"], "ibm": ["I", "right", "a", "nine", "X", "or", "it", "one", "eight", "there"], "google_fil": [null, null, "888", null, null, "44", null, "11", null, null], "wit": ["hi", "right", "eight", "nine", "what", "four", "", "one", "hey", ""], "bing": ["i", "price", "eight", "night", "sex", "four", "sex", "one", "eight", "X"], "sphinx_fil": ["59", null, null, null, null, null, null, null, "888", null], "googleCloud_fil": ["55", null, "888", null, null, "44", null, "11", "888", null], "wit_fil": ["59", null, "888", "99", null, "44", null, "11", "8", null], "ibm_fil": ["59", null, "8", "99", null, "44", "68", "11", "888", null], "final": "5X8964618X", "googleCloud": ["five", "X", "eight", "X", "X", "four", "X", "one", "eight", "X"]}