{"google": ["X", "X", "1", "X", "6", "X", "X", "3", "X", "X"], "sphinx_fil": ["X", "X", "X", "X", "X", "0", "2", "X", "X", "8"], "wit": ["", "zero", "why", "hey", "six", "one", "hello", "three", "", "who are"], "time3": 3.1918368339538574, "time8": 2.0910961627960205, "time9": 2.3882150650024414, "time4": 2.1069400310516357, "time5": 3.605778932571411, "time6": 3.2614760398864746, "time7": 2.015610933303833, "time0": 19.542289972305298, "time1": 1.7812490463256836, "time2": 1.762544870376587, "googleCloud_fil": ["X", "0", "1", "X", "6", "1", "X", "3", "5", "X"], "final": "8018612354", "total_time": 41.964311838150024, "bing_fil": ["X", "0", "1", "X", "6", "1", "2", "3", "X", "X"], "houndify": ["X", "X", "X", "X", "X", "X", "X", "X", "X", "X"], "wit_fil": ["X", "0", "X", "8", "6", "1", "0", "3", "X", "X"], "googleCloud": ["X", "zero", "one", "X", "six", "one", "X", "three", "five", "X"], "sphinx": ["good", "do you know", "or are you", "thank you", "the cup", "yeah", "i do", "great", "and", "they"], "ibm": ["eight", "zero", "Orin", "that", "there", "one", "to", "every", "X", "for"], "google_fil": ["X", "X", "1", "X", "6", "X", "X", "3", "X", "X"], "bing": ["X", "zero", "one", "thanks", "six", "one", "do", "three", "find", "X"], "ibm_fil": ["8", "0", "X", "X", "X", "1", "2", "X", "X", "4"], "houndify_fil": ["X", "X", "X", "X", "X", "X", "X", "X", "X", "X"]}