{"bing_fil": [null, "00", "11", "666", "6666", "11", "2", "33", "5", null], "google": ["X", "X", "1", "X", "6", "X", "X", "3", "X", "X"], "sphinx": ["good", "do you know", "or are you", "thank you", "the cup", "yeah", "i do", "great", "and", "they"], "ibm": ["eight", "zero", "Orin", "that", "there", "one", "to", "every", "X", "for"], "google_fil": [null, null, "11", null, "6666", null, null, "33", null, null], "wit": ["", "zero", "why", "hey", "six", "one", "hello", "three", "", "who are"], "bing": ["X", "zero", "one", "thanks", "six", "one", "do", "three", "find", "X"], "sphinx_fil": [null, null, null, null, null, "0", "2", null, null, "8"], "googleCloud_fil": [null, "00", "11", null, "6666", "11", null, "33", "55", null], "wit_fil": [null, "00", "5", "8", "6666", "11", "20", "33", null, null], "ibm_fil": ["888", "00", null, null, null, "11", "22", null, null, "44"], "final": "8016612354", "googleCloud": ["X", "zero", "one", "X", "six", "one", "X", "three", "five", "X"]}