{"bing_fil": ["X", "0", "1", "X", "6", "1", "X", "3", "X", "X"], "google": ["X", "X", "1", "X", "6", "X", "X", "3", "X", "X"], "sphinx": ["good", "do you know", "or are you", "thank you", "the cup", "yeah", "i do", "great", "and", "they"], "ibm": ["eight", "zero", "Orin", "that", "there", "one", "to", "every", "X", "for"], "google_fil": ["X", "X", "1", "X", "6", "X", "X", "3", "X", "X"], "wit": ["", "zero", "why", "hey", "six", "one", "hello", "three", "", "who are"], "bing": ["X", "zero", "one", "thanks", "six", "one", "do", "three", "find", "X"], "sphinx_fil": ["X", "X", "X", "X", "X", "X", "X", "X", "X", "X"], "googleCloud_fil": ["X", "0", "1", "X", "6", "1", "X", "3", "5", "X"], "wit_fil": ["X", "0", "X", "X", "6", "1", "X", "3", "X", "X"], "ibm_fil": ["8", "0", "X", "X", "X", "1", "2", "X", "X", "4"], "final": "X01X61X3XX", "googleCloud": ["X", "zero", "one", "X", "six", "one", "X", "three", "five", "X"]}