{"bing_fil": ["0", "6666", "888", "00", "0", "6666", "55", "44", null, "22"], "google": ["X", "X", "X", "video", "X", "X", "X", "X", "X", "X"], "sphinx": ["we don't", "they would have", "a lot", "hey you know", "you know", "the hand", "bob", "warren", "then", "the"], "ibm": ["yeah", "thank", "eight", "zero", "you know", "X", "are", "or", "X", "really"], "google_fil": [null, null, null, null, null, null, null, null, null, null], "wit": ["", "six", "eight hundred", "how do", "no", "six", "five", "four", "", "hey"], "bing": ["yeah", "sex", "eight", "zero", "girl", "sex", "five", "four", "X", "who"], "sphinx_fil": [null, null, null, null, "0", null, null, null, "8", null], "googleCloud_fil": [null, "888", "888", "00", null, null, "55", "44", null, "33"], "wit_fil": [null, "6666", "8", "2", "9", "6666", "55", "44", null, "8"], "ibm_fil": ["0", "6", "888", "00", "0", null, null, "44", null, "3"], "final": "0680065483", "googleCloud": ["X", "eight", "eight", "zero", "X", "X", "five", "four", "X", "three"]}