{"bing_fil": ["X", "X", "8", "0", "X", "X", "5", "4", "X", "X"], "google": ["X", "X", "X", "video", "X", "X", "X", "X", "X", "X"], "sphinx": ["we don't", "they would have", "a lot", "hey you know", "you know", "the hand", "bob", "warren", "then", "the"], "ibm": ["yeah", "thank", "eight", "zero", "you know", "X", "are", "or", "X", "really"], "google_fil": ["X", "X", "X", "X", "X", "X", "X", "X", "X", "X"], "wit": ["", "six", "eight hundred", "how do", "no", "six", "five", "four", "", "hey"], "bing": ["yeah", "sex", "eight", "zero", "girl", "sex", "five", "four", "X", "who"], "sphinx_fil": ["X", "X", "X", "X", "X", "X", "X", "X", "X", "X"], "googleCloud_fil": ["X", "8", "8", "0", "X", "X", "5", "4", "X", "3"], "wit_fil": ["X", "6", "X", "X", "X", "6", "5", "4", "X", "X"], "ibm_fil": ["X", "X", "8", "0", "X", "X", "X", "X", "X", "X"], "final": "XXXXXXXXXX", "googleCloud": ["X", "eight", "eight", "zero", "X", "X", "five", "four", "X", "three"]}