{"google": ["X", "X", "X", "video", "X", "X", "X", "X", "X", "X"], "sphinx_fil": ["X", "X", "X", "X", "0", "X", "X", "X", "X", "X"], "wit": ["", "six", "eight hundred", "how do", "no", "six", "five", "four", "", "hey"], "time3": 1.890207052230835, "time8": 2.876868963241577, "time9": 2.573490858078003, "time4": 1.3684070110321045, "time5": 2.7939369678497314, "time6": 1.7971901893615723, "time7": 1.4902729988098145, "time0": 2.714994192123413, "time1": 3.126682996749878, "time2": 2.6419460773468018, "googleCloud_fil": ["X", "8", "8", "0", "X", "X", "5", "4", "X", "3"], "final": "06800654X3", "total_time": 23.53443193435669, "bing_fil": ["0", "6", "8", "0", "0", "6", "5", "4", "X", "2"], "houndify": ["X", "X", "X", "X", "X", "X", "X", "X", "X", "X"], "wit_fil": ["X", "6", "1", "2", "9", "6", "5", "4", "X", "8"], "googleCloud": ["X", "eight", "eight", "zero", "X", "X", "five", "four", "X", "three"], "sphinx": ["we don't", "they would have", "a lot", "hey you know", "you know", "the hand", "bob", "warren", "then", "the"], "ibm": ["yeah", "thank", "eight", "zero", "you know", "X", "are", "or", "X", "really"], "google_fil": ["X", "X", "X", "X", "X", "X", "X", "X", "X", "X"], "bing": ["yeah", "sex", "eight", "zero", "girl", "sex", "five", "four", "X", "who"], "ibm_fil": ["0", "X", "8", "0", "0", "X", "X", "4", "X", "X"], "houndify_fil": ["X", "X", "X", "X", "X", "X", "X", "X", "X", "X"]}