{"bing_fil": ["X", "X", "X", "X", "X", "X", "X", "X", "X", "8"], "google": ["X", "X", "X", "X", "X", "X", "X", "X", "egg", "X"], "sphinx": ["but one", "hi", "no", "why", "what", "one", "they don't", "whoa", "go ahead", "the f."], "ibm": ["but", "five", "X", "thank", "right", "one", "X", "I", "it", "eight"], "google_fil": ["X", "X", "X", "X", "X", "X", "X", "X", "X", "X"], "wit": ["buy", "five", "", "", "right", "one", "six", "", "", "thank"], "bing": ["X", "X", "X", "X", "X", "launch", "X", "X", "it", "eight"], "sphinx_fil": ["X", "X", "X", "X", "X", "1", "X", "X", "X", "X"], "googleCloud_fil": ["5", "X", "X", "X", "X", "1", "6", "X", "8", "X"], "wit_fil": ["X", "5", "X", "X", "X", "1", "6", "X", "X", "X"], "ibm_fil": ["X", "5", "X", "X", "X", "1", "X", "X", "X", "8"], "final": "XXXXX1XXXX", "googleCloud": ["five", "X", "X", "X", "X", "one", "six", "X", "eight", "X"]}