{"google": ["X", "X", "X", "X", "X", "X", "X", "X", "egg", "X"], "sphinx_fil": ["1", "X", "9", "X", "X", "1", "0", "X", "X", "X"], "wit": ["buy", "five", "", "", "right", "one", "six", "", "", "thank"], "time3": 3.0195670127868652, "time8": 2.8408401012420654, "time9": 2.1119179725646973, "time4": 3.248548984527588, "time5": 1.859234094619751, "time6": 4.389663934707642, "time7": 2.8350090980529785, "time0": 2.187319040298462, "time1": 2.7148869037628174, "time2": 2.6477558612823486, "googleCloud_fil": ["5", "X", "X", "X", "X", "1", "6", "X", "8", "X"], "final": "5596X16588", "total_time": 28.287410020828247, "bing_fil": ["X", "X", "X", "X", "X", "1", "X", "X", "8", "8"], "houndify": ["bye", "fiv", "the zoo", "sex", "", "wine", "six four", "five", "ate", "hey"], "wit_fil": ["X", "5", "X", "X", "X", "1", "6", "X", "X", "X"], "googleCloud": ["five", "X", "X", "X", "X", "one", "six", "X", "eight", "X"], "sphinx": ["but one", "hi", "no", "why", "what", "one", "they don't", "whoa", "go ahead", "the f."], "ibm": ["but", "five", "X", "thank", "right", "one", "X", "I", "it", "eight"], "google_fil": ["X", "X", "X", "X", "X", "X", "X", "X", "X", "X"], "bing": ["X", "X", "X", "X", "X", "launch", "X", "X", "it", "eight"], "ibm_fil": ["X", "5", "X", "X", "X", "1", "X", "X", "8", "8"], "houndify_fil": ["X", "X", "2", "6", "X", "9", "6", "5", "8", "8"]}