{"bing_fil": [null, null, null, null, null, null, null, null, "68", "888"], "google": ["X", "X", "X", "X", "X", "X", "X", "X", "egg", "X"], "sphinx": ["but one", "hi", "no", "why", "what", "one", "they don't", "whoa", "go ahead", "the f."], "ibm": ["but", "five", "X", "thank", "right", "one", "X", "I", "it", "eight"], "google_fil": [null, null, null, null, null, null, null, null, null, null], "wit": ["buy", "five", "", "", "right", "one", "six", "", "", "thank"], "bing": ["X", "X", "X", "X", "X", "launch", "X", "X", "it", "eight"], "sphinx_fil": [null, "59", "9", "5", null, "11", "0", null, null, null], "googleCloud_fil": ["55", null, null, null, null, "11", "6666", null, "888", null], "wit_fil": ["59", "55", null, null, null, "11", "6666", null, null, "6"], "ibm_fil": [null, "55", null, "6", null, "11", null, "59", "68", "888"], "final": "5596X16588", "googleCloud": ["five", "X", "X", "X", "X", "one", "six", "X", "eight", "X"]}