{"bing_fil": ["59", "0", "8", "99", "77", null, "22", "666", "22", "77"], "google": ["X", "Arrow", "X", "X", "7", "X", "X", "X", "X", "X"], "sphinx": ["ah it", "you know", "o. k.", "nine", "let in", "really", "two", "they can", "good", "heaven"], "ibm": ["are", "there are", "a", "nine", "rather", "we", "to", "it", "to", "let them"], "google_fil": [null, "0", null, null, "77", null, null, null, null, null], "wit": ["alright", "", "", "nine", "seven", "three", "two", "take", "", "seven"], "bing": ["i", "euro", "A", "nine", "seven", "X", "two", "thanks", "who", "seven"], "sphinx_fil": [null, "0", "8", "99", null, "3", "22", null, null, "7"], "googleCloud_fil": ["55", "00", "888", "99", "77", null, "22", "6666", null, "77"], "wit_fil": [null, null, null, "99", "77", "33", "22", null, null, "77"], "ibm_fil": [null, null, "8", "99", null, "33", "22", "68", "22", null], "final": "5089732627", "googleCloud": ["five", "zero", "eight", "nine", "seven", "X", "two", "six", "X", "seven"]}