{"bing_fil": ["X", "X", "X", "9", "7", "X", "2", "X", "X", "7"], "google": ["X", "Arrow", "X", "X", "7", "X", "X", "X", "X", "X"], "sphinx": ["ah it", "you know", "o. k.", "nine", "let in", "really", "two", "they can", "good", "heaven"], "ibm": ["are", "there are", "a", "nine", "rather", "we", "to", "it", "to", "let them"], "google_fil": ["X", "X", "X", "X", "7", "X", "X", "X", "X", "X"], "wit": ["alright", "", "", "nine", "seven", "three", "two", "take", "", "seven"], "bing": ["i", "euro", "A", "nine", "seven", "X", "two", "thanks", "who", "seven"], "sphinx_fil": ["X", "X", "X", "9", "X", "X", "2", "X", "X", "X"], "googleCloud_fil": ["5", "0", "8", "9", "7", "X", "2", "6", "X", "7"], "wit_fil": ["X", "X", "X", "9", "7", "3", "2", "X", "X", "7"], "ibm_fil": ["X", "X", "X", "9", "X", "X", "2", "X", "2", "X"], "final": "XXX97X2XXX", "googleCloud": ["five", "zero", "eight", "nine", "seven", "X", "two", "six", "X", "seven"]}