{"google": ["X", "Arrow", "X", "X", "7", "X", "X", "X", "X", "X"], "sphinx_fil": ["X", "0", "X", "9", "X", "X", "2", "X", "X", "7"], "wit": ["alright", "", "", "nine", "seven", "three", "two", "take", "", "seven"], "time3": 1.7586040496826172, "time8": 3.9366250038146973, "time9": 3.5649991035461426, "time4": 1.8719849586486816, "time5": 3.049406051635742, "time6": 1.8511579036712646, "time7": 3.3958468437194824, "time0": 1.7305481433868408, "time1": 1.4398038387298584, "time2": 2.3761699199676514, "googleCloud_fil": ["5", "0", "8", "9", "7", "X", "2", "6", "X", "7"], "final": "5089732627", "total_time": 25.191669940948486, "bing_fil": ["X", "0", "8", "9", "7", "X", "2", "X", "2", "7"], "houndify": ["X", "X", "X", "X", "X", "X", "X", "X", "X", "X"], "wit_fil": ["X", "X", "X", "9", "7", "3", "2", "X", "X", "7"], "googleCloud": ["five", "zero", "eight", "nine", "seven", "X", "two", "six", "X", "seven"], "sphinx": ["ah it", "you know", "o. k.", "nine", "let in", "really", "two", "they can", "good", "heaven"], "ibm": ["are", "there are", "a", "nine", "rather", "we", "to", "it", "to", "let them"], "google_fil": ["X", "0", "X", "X", "7", "X", "X", "X", "X", "X"], "bing": ["i", "euro", "A", "nine", "seven", "X", "two", "thanks", "who", "seven"], "ibm_fil": ["X", "X", "8", "9", "X", "X", "2", "8", "2", "X"], "houndify_fil": ["X", "X", "X", "X", "X", "X", "X", "X", "X", "X"]}