{"bing_fil": [null, null, "5", "11", "77", "11", null, null, "33", "9"], "google": ["X", "X", "X", "who won", "weather", "X", "X", "X", "3", "9"], "sphinx": ["and i", "good", "why", "long", "good", "warm", "thighs", "one", "hurry", "none"], "ibm": ["I", "not", "why", "one", "driving", "one", "%HESITATION", "one", "very", "nine"], "google_fil": [null, null, null, "1", "7", null, null, null, "33", "99"], "wit": ["nine", "", "what", "one", "seven", "", "alright", "one", "three", "nine"], "bing": ["X", "X", "fuck", "one", "seven", "one", "X", "X", "three", "no"], "sphinx_fil": [null, null, "5", null, null, null, null, "11", "3", "9"], "googleCloud_fil": [null, null, null, "11", "77", "11", null, null, "33", "99"], "wit_fil": ["99", null, null, "11", "77", null, null, "11", "33", "99"], "ibm_fil": ["59", null, "5", "11", null, "11", null, "11", "3", "99"], "final": "9X5171X139", "googleCloud": ["X", "X", "X", "one", "seven", "one", "X", "X", "three", "nine"]}