{"google": ["X", "X", "X", "who won", "weather", "X", "X", "X", "3", "9"], "sphinx_fil": ["X", "X", "X", "X", "X", "X", "X", "1", "X", "1"], "wit": ["nine", "", "what", "one", "seven", "", "alright", "one", "three", "nine"], "time3": 1.8137309551239014, "time8": 1.6881589889526367, "time9": 1.5538909435272217, "time4": 2.1465811729431152, "time5": 1.6795578002929688, "time6": 1.630573034286499, "time7": 1.5188360214233398, "time0": 1.7387850284576416, "time1": 3.5919060707092285, "time2": 2.5582010746002197, "googleCloud_fil": ["X", "X", "X", "1", "7", "1", "X", "X", "3", "9"], "final": "9XX171X139", "total_time": 20.33185911178589, "bing_fil": ["X", "X", "X", "1", "7", "1", "X", "X", "3", "9"], "houndify": ["X", "X", "X", "X", "X", "X", "X", "X", "X", "X"], "wit_fil": ["9", "X", "X", "1", "7", "X", "X", "1", "3", "9"], "googleCloud": ["X", "X", "X", "one", "seven", "one", "X", "X", "three", "nine"], "sphinx": ["and i", "good", "why", "long", "good", "warm", "thighs", "one", "hurry", "none"], "ibm": ["I", "not", "why", "one", "driving", "one", "%HESITATION", "one", "very", "nine"], "google_fil": ["X", "X", "X", "X", "X", "X", "X", "X", "3", "9"], "bing": ["X", "X", "fuck", "one", "seven", "one", "X", "X", "three", "no"], "ibm_fil": ["X", "X", "X", "1", "X", "1", "X", "1", "3", "9"], "houndify_fil": ["X", "X", "X", "X", "X", "X", "X", "X", "X", "X"]}