{"bing_fil": ["X", "X", "X", "1", "7", "1", "X", "X", "3", "X"], "google": ["X", "X", "X", "who won", "weather", "X", "X", "X", "3", "9"], "sphinx": ["and i", "good", "why", "long", "good", "warm", "thighs", "one", "hurry", "none"], "ibm": ["I", "not", "why", "one", "driving", "one", "%HESITATION", "one", "very", "nine"], "google_fil": ["X", "X", "X", "X", "X", "X", "X", "X", "3", "9"], "wit": ["nine", "", "what", "one", "seven", "", "alright", "one", "three", "nine"], "bing": ["X", "X", "fuck", "one", "seven", "one", "X", "X", "three", "no"], "sphinx_fil": ["X", "X", "X", "X", "X", "X", "X", "1", "X", "X"], "googleCloud_fil": ["X", "X", "X", "1", "7", "1", "X", "X", "3", "9"], "wit_fil": ["9", "X", "X", "1", "7", "X", "X", "1", "3", "9"], "ibm_fil": ["X", "X", "X", "1", "X", "1", "X", "1", "X", "9"], "final": "XXX1XXXX39", "googleCloud": ["X", "X", "X", "one", "seven", "one", "X", "X", "three", "nine"]}