{"google": ["X", "X", "7", "X", "free", "free", "X", "5", "X", "7"], "sphinx_fil": ["0", "X", "2", "7", "X", "8", "0", "X", "X", "X"], "wit": ["hello", "three", "seven", "seven", "three", "three", "no", "buy", "", "seven"], "time3": 1.7866249084472656, "time8": 3.386122941970825, "time9": 1.769670009613037, "time4": 4.1012349128723145, "time5": 2.584537982940674, "time6": 1.5925829410552979, "time7": 1.8223109245300293, "time0": 1.871880054473877, "time1": 19.123706102371216, "time2": 2.258204936981201, "googleCloud_fil": ["X", "X", "7", "7", "3", "3", "X", "5", "X", "7"], "final": "03773305X7", "total_time": 40.55180096626282, "bing_fil": ["0", "X", "7", "7", "X", "3", "0", "5", "X", "7"], "houndify": ["X", "X", "X", "X", "X", "X", "X", "X", "X", "X"], "wit_fil": ["0", "3", "7", "7", "3", "3", "9", "X", "X", "7"], "googleCloud": ["X", "X", "seven", "seven", "three", "three", "X", "five", "X", "seven"], "sphinx": ["bill", "the", "the new", "heaven", "and they had", "they", "you know", "by whom", "good", "that in"], "ibm": ["true", "we", "X", "seven", "very", "create", "you know", "why", "X", "Adam"], "google_fil": ["X", "X", "7", "X", "3", "3", "X", "5", "X", "7"], "bing": ["hello", "X", "seven", "seven", "please", "free", "girl", "five", "X", "seven"], "ibm_fil": ["X", "X", "X", "7", "3", "8", "0", "X", "X", "X"], "houndify_fil": ["X", "X", "X", "X", "X", "X", "X", "X", "X", "X"]}