{"bing_fil": ["X", "X", "7", "7", "X", "X", "X", "5", "X", "7"], "google": ["X", "X", "7", "X", "free", "free", "X", "5", "X", "7"], "sphinx": ["bill", "the", "the new", "heaven", "and they had", "they", "you know", "by whom", "good", "that in"], "ibm": ["true", "we", "X", "seven", "very", "create", "you know", "why", "X", "Adam"], "google_fil": ["X", "X", "7", "X", "X", "X", "X", "5", "X", "7"], "wit": ["hello", "three", "seven", "seven", "three", "three", "no", "buy", "", "seven"], "bing": ["hello", "X", "seven", "seven", "please", "free", "girl", "five", "X", "seven"], "sphinx_fil": ["X", "X", "X", "X", "X", "X", "X", "X", "X", "X"], "googleCloud_fil": ["X", "X", "7", "7", "3", "3", "X", "5", "X", "7"], "wit_fil": ["X", "3", "7", "7", "3", "3", "X", "X", "X", "7"], "ibm_fil": ["X", "X", "X", "7", "X", "X", "X", "X", "X", "X"], "final": "XX77XXX5X7", "googleCloud": ["X", "X", "seven", "seven", "three", "three", "X", "five", "X", "seven"]}