{"bing_fil": ["20", null, "77", "77", null, "33", "0", "55", null, "77"], "google": ["X", "X", "7", "X", "free", "free", "X", "5", "X", "7"], "sphinx": ["bill", "the", "the new", "heaven", "and they had", "they", "you know", "by whom", "good", "that in"], "ibm": ["true", "we", "X", "seven", "very", "create", "you know", "why", "X", "Adam"], "google_fil": [null, null, "77", null, "33", "33", null, "55", null, "77"], "wit": ["hello", "three", "seven", "seven", "three", "three", "no", "buy", "", "seven"], "bing": ["hello", "X", "seven", "seven", "please", "free", "girl", "five", "X", "seven"], "sphinx_fil": ["0", null, "2", "7", null, "8", "0", null, null, "7"], "googleCloud_fil": [null, null, "77", "77", "33", "33", null, "55", null, "77"], "wit_fil": ["20", "33", "77", "77", "33", "33", "9", "59", null, "77"], "ibm_fil": ["2", "33", null, "77", "3", "8", "0", "5", null, null], "final": "23773305X7", "googleCloud": ["X", "X", "seven", "seven", "three", "three", "X", "five", "X", "seven"]}