{"google": ["X", "X", "X", "X", "X", "X", "8", "X", "X", "X"], "sphinx_fil": ["X", "9", "X", "8", "4", "X", "X", "2", "7", "X"], "wit": ["why", "", "who", "hey", "four", "hi", "he", "who", "seven", "hello"], "time3": 2.8916308879852295, "time8": 2.133733034133911, "time9": 2.3990211486816406, "time4": 2.158370018005371, "time5": 1.8232309818267822, "time6": 2.3013970851898193, "time7": 1.9086999893188477, "time0": 2.0986809730529785, "time1": 2.667397975921631, "time2": 2.453939914703369, "googleCloud_fil": ["X", "X", "4", "8", "4", "X", "8", "X", "X", "2"], "final": "X0484X8272", "total_time": 23.260354042053223, "bing_fil": ["X", "X", "X", "8", "4", "X", "8", "2", "7", "X"], "houndify": ["hi", "zero", "cool", "ay", "fore", "nite", "hey", "tu", "heaven", "que"], "wit_fil": ["X", "X", "2", "8", "4", "X", "X", "2", "7", "0"], "googleCloud": ["X", "X", "four", "eight", "four", "X", "eight", "X", "X", "two"], "sphinx": ["well i", "no", "oh", "hey", "four", "guy", "good", "do", "heaven", "here"], "ibm": ["right", "X", "or", "X", "or", "right", "X", "to", "X", "you"], "google_fil": ["X", "X", "X", "X", "X", "X", "8", "X", "X", "X"], "bing": ["X", "X", "X", "hey", "four", "X", "eight", "two", "seven", "X"], "ibm_fil": ["X", "X", "4", "X", "4", "X", "X", "2", "X", "X"], "houndify_fil": ["X", "0", "X", "X", "X", "X", "8", "X", "7", "X"]}