{"bing_fil": ["X", "X", "X", "X", "4", "X", "8", "2", "7", "X"], "google": ["X", "X", "X", "X", "X", "X", "8", "X", "X", "X"], "sphinx": ["well i", "no", "oh", "hey", "four", "guy", "good", "do", "heaven", "here"], "ibm": ["right", "X", "or", "X", "or", "right", "X", "to", "X", "you"], "google_fil": ["X", "X", "X", "X", "X", "X", "8", "X", "X", "X"], "wit": ["why", "", "who", "hey", "four", "hi", "he", "who", "seven", "hello"], "bing": ["X", "X", "X", "hey", "four", "X", "eight", "two", "seven", "X"], "sphinx_fil": ["X", "X", "X", "X", "4", "X", "X", "X", "X", "X"], "googleCloud_fil": ["X", "X", "4", "8", "4", "X", "8", "X", "X", "2"], "wit_fil": ["X", "X", "X", "X", "4", "X", "X", "X", "7", "X"], "ibm_fil": ["X", "X", "X", "X", "X", "X", "X", "2", "X", "X"], "final": "XXXX4X8XXX", "googleCloud": ["X", "X", "four", "eight", "four", "X", "eight", "X", "X", "two"]}