{"bing_fil": [null, null, null, "8", "44", null, "888", "22", "77", null], "google": ["X", "X", "X", "X", "X", "X", "8", "X", "X", "X"], "sphinx": ["well i", "no", "oh", "hey", "four", "guy", "good", "do", "heaven", "here"], "ibm": ["right", "X", "or", "X", "or", "right", "X", "to", "X", "you"], "google_fil": [null, null, null, null, null, null, "888", null, null, null], "wit": ["why", "", "who", "hey", "four", "hi", "he", "who", "seven", "hello"], "bing": ["X", "X", "X", "hey", "four", "X", "eight", "two", "seven", "X"], "sphinx_fil": [null, "9", null, "8", "44", null, null, "2", "7", "0"], "googleCloud_fil": [null, null, "44", "888", "44", null, "888", null, null, "22"], "wit_fil": ["5", null, "22", "8", "44", "59", null, "22", "77", "20"], "ibm_fil": [null, null, "44", null, "44", null, null, "22", null, "2"], "final": "5948458272", "googleCloud": ["X", "X", "four", "eight", "four", "X", "eight", "X", "X", "two"]}