{"bing_fil": ["8", "22", null, "77", null, null, "55", "8", "44", "66"], "google": ["X", "X", "X", "X", "X", "2", "X", "8", "X", "6"], "sphinx": ["they are", "the", "the moon", "let them", "good", "good", "oh i", "they are", "four", "they"], "ibm": ["a", "to", "when", "Levin", "Robert", "to", "from our", "a", "for", "they"], "google_fil": [null, null, null, null, null, "22", null, "888", null, "6666"], "wit": ["hey", "two", "", "seven", "", "two", "hi", "hey", "four", ""], "bing": ["hey", "two", "open", "seven", "X", "poop", "five", "hey", "four", "big"], "sphinx_fil": [null, null, null, null, null, null, null, null, "44", "8"], "googleCloud_fil": ["888", "22", null, null, null, "22", "55", "888", "44", "6666"], "wit_fil": ["8", "22", null, "77", null, "22", "59", "8", "44", null], "ibm_fil": ["8", "22", null, null, null, "22", null, "8", "44", "8"], "final": "82X7X25846", "googleCloud": ["eight", "two", "X", "X", "X", "two", "five", "eight", "four", "six"]}