{"google": ["X", "X", "X", "X", "X", "2", "X", "8", "X", "6"], "sphinx_fil": ["X", "X", "X", "X", "X", "X", "X", "X", "4", "8"], "wit": ["hey", "two", "", "seven", "", "two", "hi", "hey", "four", ""], "time3": 2.367611885070801, "time8": 2.543313980102539, "time9": 3.655449151992798, "time4": 2.099013090133667, "time5": 2.641627073287964, "time6": 2.7823688983917236, "time7": 2.7634379863739014, "time0": 2.2221579551696777, "time1": 1.6525249481201172, "time2": 3.217481851577759, "googleCloud_fil": ["8", "2", "X", "X", "X", "2", "5", "8", "4", "6"], "final": "8277725846", "total_time": 26.402609825134277, "bing_fil": ["8", "2", "X", "7", "X", "X", "5", "8", "4", "6"], "houndify": ["hey", "tu", "seven news", "sevan", "heaven", "tu", "", "hays", "fore", "sick"], "wit_fil": ["8", "2", "X", "7", "X", "2", "X", "8", "4", "X"], "googleCloud": ["eight", "two", "X", "X", "X", "two", "five", "eight", "four", "six"], "sphinx": ["they are", "the", "the moon", "let them", "good", "good", "oh i", "they are", "four", "they"], "ibm": ["a", "to", "when", "Levin", "Robert", "to", "from our", "a", "for", "they"], "google_fil": ["X", "X", "X", "X", "X", "2", "X", "8", "X", "6"], "bing": ["hey", "two", "open", "seven", "X", "poop", "five", "hey", "four", "big"], "ibm_fil": ["8", "2", "X", "X", "X", "2", "X", "8", "4", "8"], "houndify_fil": ["8", "X", "7", "X", "7", "X", "X", "X", "X", "6"]}