{"bing_fil": ["X", "2", "X", "7", "X", "X", "5", "X", "4", "X"], "google": ["X", "X", "X", "X", "X", "2", "X", "8", "X", "6"], "sphinx": ["they are", "the", "the moon", "let them", "good", "good", "oh i", "they are", "four", "they"], "ibm": ["a", "to", "when", "Levin", "Robert", "to", "from our", "a", "for", "they"], "google_fil": ["X", "X", "X", "X", "X", "2", "X", "8", "X", "6"], "wit": ["hey", "two", "", "seven", "", "two", "hi", "hey", "four", ""], "bing": ["hey", "two", "open", "seven", "X", "poop", "five", "hey", "four", "big"], "sphinx_fil": ["X", "X", "X", "X", "X", "X", "X", "X", "4", "X"], "googleCloud_fil": ["8", "2", "X", "X", "X", "2", "5", "8", "4", "6"], "wit_fil": ["X", "2", "X", "7", "X", "2", "X", "X", "4", "X"], "ibm_fil": ["X", "2", "X", "X", "X", "2", "X", "X", "4", "X"], "final": "X2XXX2XX4X", "googleCloud": ["eight", "two", "X", "X", "X", "two", "five", "eight", "four", "six"]}