{"bing_fil": ["8", "6", "888", "33", "59", "9", "59", "44", "77", null], "google": ["X", "X", "8", "X", "X", "small", "X", "4", "7", "hero"], "sphinx": ["are they", "hey", "a guy", "hey", "the guy", "huang", "why", "war", "that move", "hello"], "ibm": ["a", "the", "a", "very", "I", "nine", "why", "or", "seven", "zero"], "google_fil": [null, null, "888", null, null, null, null, "44", "77", "0"], "wit": ["hey", "", "eight", "hey", "hi", "", "", "four", "seven", "hello"], "bing": ["A", "nick", "eight", "three", "hi", "no", "bye", "four", "seven", "X"], "sphinx_fil": [null, "8", null, "8", null, null, "5", null, null, "20"], "googleCloud_fil": ["888", null, "888", "33", null, null, null, "44", "77", "00"], "wit_fil": ["8", null, "888", "8", "59", null, null, "44", "77", "20"], "ibm_fil": ["8", null, "8", "3", "59", "99", "5", "44", "77", "00"], "final": "8683595470", "googleCloud": ["eight", "X", "eight", "three", "X", "small", "X", "four", "seven", "zero"]}