{"bing_fil": ["X", "X", "8", "3", "X", "X", "X", "4", "7", "X"], "google": ["X", "X", "8", "X", "X", "small", "X", "4", "7", "hero"], "sphinx": ["are they", "hey", "a guy", "hey", "the guy", "huang", "why", "war", "that move", "hello"], "ibm": ["a", "the", "a", "very", "I", "nine", "why", "or", "seven", "zero"], "google_fil": ["X", "X", "8", "X", "X", "X", "X", "4", "7", "X"], "wit": ["hey", "", "eight", "hey", "hi", "", "", "four", "seven", "hello"], "bing": ["A", "nick", "eight", "three", "hi", "no", "bye", "four", "seven", "X"], "sphinx_fil": ["X", "X", "X", "X", "X", "X", "X", "X", "X", "X"], "googleCloud_fil": ["8", "X", "8", "3", "X", "X", "X", "4", "7", "0"], "wit_fil": ["X", "X", "8", "X", "X", "X", "X", "4", "7", "X"], "ibm_fil": ["X", "X", "X", "X", "X", "9", "X", "X", "7", "0"], "final": "XX8XXXX47X", "googleCloud": ["eight", "X", "eight", "three", "X", "small", "X", "four", "seven", "zero"]}