{"google": ["X", "X", "8", "X", "X", "small", "X", "4", "7", "hero"], "houndify": ["ay", "sick", "eight days", "thirty", "bye", "mann", "bye", "the four", "seventy", "zero"], "wit": ["hey", "", "eight", "hey", "hi", "", "", "four", "seven", "hello"], "time3": 1.9695029258728027, "time8": 1.8348629474639893, "time9": 2.147325038909912, "time4": 5.721616983413696, "time5": 2.3621931076049805, "time6": 3.5314180850982666, "time7": 2.0000228881835938, "time0": 3.4443888664245605, "time1": 3.557992935180664, "time2": 2.0225179195404053, "googleCloud_fil": ["8", "X", "8", "3", "X", "X", "X", "4", "7", "0"], "final": "8683X9X470", "total_time": 28.90290904045105, "bing_fil": ["8", "6", "8", "3", "X", "9", "X", "4", "7", "X"], "sphinx_fil": ["X", "8", "X", "8", "X", "X", "X", "X", "X", "0"], "wit_fil": ["8", "X", "8", "8", "X", "X", "X", "4", "7", "0"], "googleCloud": ["eight", "X", "eight", "three", "X", "small", "X", "four", "seven", "zero"], "sphinx": ["are they", "hey", "a guy", "hey", "the guy", "huang", "why", "war", "that move", "hello"], "ibm": ["a", "the", "a", "very", "I", "nine", "why", "or", "seven", "zero"], "google_fil": ["X", "X", "8", "X", "X", "X", "X", "4", "7", "0"], "bing": ["A", "nick", "eight", "three", "hi", "no", "bye", "four", "seven", "X"], "ibm_fil": ["8", "X", "8", "3", "X", "9", "X", "4", "7", "0"], "houndify_fil": ["X", "6", "X", "X", "X", "X", "X", "X", "7", "0"]}