{"bing_fil": ["X", "1", "5", "X", "X", "5", "X", "7", "X", "3"], "google": ["0", "X", "X", "X", "X", "X", "X", "7", "big", "X"], "sphinx": ["you know", "one", "i do", "that a loan", "that", "oh i", "none", "haven't", "they", "really"], "ibm": ["yeah", "one", "I", "Sarah", "X", "X", "nine", "X", "they", "three"], "google_fil": ["0", "X", "X", "X", "X", "X", "X", "7", "X", "X"], "wit": ["well", "one", "buy", "hello", "", "", "nine", "seven", "", "okay"], "bing": ["X", "one", "five", "X", "X", "five", "no", "seven", "thanks", "three"], "sphinx_fil": ["X", "1", "X", "X", "X", "X", "X", "X", "X", "X"], "googleCloud_fil": ["0", "1", "X", "4", "X", "X", "X", "7", "6", "3"], "wit_fil": ["X", "1", "X", "X", "X", "X", "9", "7", "X", "X"], "ibm_fil": ["X", "1", "X", "X", "X", "X", "9", "X", "X", "3"], "final": "X1XXXXX7XX", "googleCloud": ["zero", "one", "X", "four", "X", "X", "X", "seven", "six", "three"]}