{"google": ["0", "X", "X", "X", "X", "X", "X", "7", "big", "X"], "sphinx_fil": ["0", "1", "2", "X", "X", "X", "1", "7", "8", "X"], "wit": ["well", "one", "buy", "hello", "", "", "nine", "seven", "", "okay"], "time3": 2.576508045196533, "time8": 3.475602865219116, "time9": 1.675001859664917, "time4": 2.041468858718872, "time5": 2.4288859367370605, "time6": 1.4980900287628174, "time7": 1.8521568775177002, "time0": 2.5322818756103516, "time1": 3.263772964477539, "time2": 3.4439730644226074, "googleCloud_fil": ["0", "1", "X", "4", "X", "X", "X", "7", "6", "3"], "final": "0154X59763", "total_time": 24.98776602745056, "bing_fil": ["X", "1", "5", "X", "X", "5", "9", "7", "X", "3"], "houndify": ["X", "X", "X", "X", "X", "X", "X", "X", "X", "X"], "wit_fil": ["X", "1", "X", "0", "X", "X", "9", "7", "X", "X"], "googleCloud": ["zero", "one", "X", "four", "X", "X", "X", "seven", "six", "three"], "sphinx": ["you know", "one", "i do", "that a loan", "that", "oh i", "none", "haven't", "they", "really"], "ibm": ["yeah", "one", "I", "Sarah", "X", "X", "nine", "X", "they", "three"], "google_fil": ["0", "X", "X", "X", "X", "X", "X", "7", "6", "X"], "bing": ["X", "one", "five", "X", "X", "five", "no", "seven", "thanks", "three"], "ibm_fil": ["0", "1", "X", "X", "X", "X", "9", "X", "8", "3"], "houndify_fil": ["X", "X", "X", "X", "X", "X", "X", "X", "X", "X"]}