{"bing_fil": [null, "11", "55", null, null, "55", "9", "77", "666", "33"], "google": ["0", "X", "X", "X", "X", "X", "X", "7", "big", "X"], "sphinx": ["you know", "one", "i do", "that a loan", "that", "oh i", "none", "haven't", "they", "really"], "ibm": ["yeah", "one", "I", "Sarah", "X", "X", "nine", "X", "they", "three"], "google_fil": ["00", null, null, null, null, null, null, "77", "66", null], "wit": ["well", "one", "buy", "hello", "", "", "nine", "seven", "", "okay"], "bing": ["X", "one", "five", "X", "X", "five", "no", "seven", "thanks", "three"], "sphinx_fil": ["0", "11", "2", null, null, null, "9", "7", "8", "3"], "googleCloud_fil": ["00", "11", null, "44", null, null, null, "77", "6666", "33"], "wit_fil": ["0", "11", "59", "20", null, null, "99", "77", null, null], "ibm_fil": ["0", "11", "59", null, null, null, "99", null, "8", "33"], "final": "0154X59763", "googleCloud": ["zero", "one", "X", "four", "X", "X", "X", "seven", "six", "three"]}