{"bing_fil": ["X", "6", "5", "3", "1", "X", "5", "4", "2", "3"], "google": ["X", "X", "X", "X", "1", "X", "X", "X", "X", "3"], "sphinx": ["the head", "the", "hey", "really", "warren", "that is", "by the", "all", "clearly", "really"], "ibm": ["a", "X", "by", "we", "why", "crew", "by", "or", "you", "three"], "google_fil": ["X", "X", "X", "X", "1", "X", "X", "X", "X", "3"], "wit": ["", "", "buy", "three", "one", "who", "", "four", "hello", "three"], "bing": ["X", "six", "five", "three", "one", "X", "five", "four", "two", "three"], "sphinx_fil": ["X", "X", "X", "X", "X", "X", "X", "X", "X", "X"], "googleCloud_fil": ["8", "X", "5", "X", "1", "X", "5", "X", "X", "3"], "wit_fil": ["X", "X", "X", "3", "1", "X", "X", "4", "X", "3"], "ibm_fil": ["X", "X", "X", "X", "X", "X", "X", "X", "X", "3"], "final": "XXXX1XXXX3", "googleCloud": ["eight", "X", "five", "X", "one", "X", "five", "X", "X", "three"]}