{"bing_fil": [null, "6666", "55", "33", "11", null, "55", "44", "22", "33"], "google": ["X", "X", "X", "X", "1", "X", "X", "X", "X", "3"], "sphinx": ["the head", "the", "hey", "really", "warren", "that is", "by the", "all", "clearly", "really"], "ibm": ["a", "X", "by", "we", "why", "crew", "by", "or", "you", "three"], "google_fil": [null, null, null, null, "11", null, null, null, null, "33"], "wit": ["", "", "buy", "three", "one", "who", "", "four", "hello", "three"], "bing": ["X", "six", "five", "three", "one", "X", "five", "four", "two", "three"], "sphinx_fil": [null, null, "8", "3", null, null, null, null, null, "3"], "googleCloud_fil": ["888", null, "55", null, "11", null, "55", null, null, "33"], "wit_fil": [null, null, "59", "33", "11", "22", null, "44", "20", "33"], "ibm_fil": ["8", null, "59", "33", "5", "2", "59", "44", "2", "33"], "final": "8653125423", "googleCloud": ["eight", "X", "five", "X", "one", "X", "five", "X", "X", "three"]}