{"google": ["X", "X", "X", "X", "1", "X", "X", "X", "X", "3"], "sphinx_fil": ["X", "X", "8", "X", "X", "X", "X", "X", "X", "X"], "wit": ["", "", "buy", "three", "one", "who", "", "four", "hello", "three"], "time3": 2.7143499851226807, "time8": 1.8531978130340576, "time9": 4.0559282302856445, "time4": 1.735133171081543, "time5": 2.561005115509033, "time6": 3.271484136581421, "time7": 2.898684024810791, "time0": 3.5663959980010986, "time1": 2.9053800106048584, "time2": 2.5608978271484375, "googleCloud_fil": ["8", "X", "5", "X", "1", "X", "5", "X", "X", "3"], "final": "8653125423", "total_time": 28.367388010025024, "bing_fil": ["X", "6", "5", "3", "1", "X", "5", "4", "2", "3"], "houndify": ["X", "X", "X", "X", "X", "X", "X", "X", "X", "X"], "wit_fil": ["X", "X", "X", "3", "1", "2", "X", "4", "0", "3"], "googleCloud": ["eight", "X", "five", "X", "one", "X", "five", "X", "X", "three"], "sphinx": ["the head", "the", "hey", "really", "warren", "that is", "by the", "all", "clearly", "really"], "ibm": ["a", "X", "by", "we", "why", "crew", "by", "or", "you", "three"], "google_fil": ["X", "X", "X", "X", "1", "X", "X", "X", "X", "3"], "bing": ["X", "six", "five", "three", "one", "X", "five", "four", "two", "three"], "ibm_fil": ["8", "X", "X", "X", "X", "2", "X", "4", "X", "3"], "houndify_fil": ["X", "X", "X", "X", "X", "X", "X", "X", "X", "X"]}