{"bing_fil": ["1", "1", "X", "X", "2", "1", "X", "X", "X", "X"], "google": ["1", "X", "X", "X", "X", "1", "X", "wine", "X", "small"], "sphinx": ["it was", "one", "not in", "you know", "do you", "why", "then", "wahoo", "well", "men"], "ibm": ["one", "worn", "I", "yeah", "to", "one", "nine", "why", "you know", "nine"], "google_fil": ["1", "X", "X", "X", "X", "1", "X", "X", "X", "X"], "wit": ["one", "one", "nine", "", "do", "one", "no", "one", "", ""], "bing": ["one", "one", "god", "yeah", "two", "one", "X", "X", "X", "X"], "sphinx_fil": ["X", "1", "X", "X", "X", "X", "X", "X", "X", "X"], "googleCloud_fil": ["1", "1", "X", "X", "2", "1", "9", "1", "0", "X"], "wit_fil": ["1", "1", "9", "X", "X", "1", "X", "1", "X", "X"], "ibm_fil": ["1", "X", "X", "X", "2", "1", "9", "X", "X", "9"], "final": "11XXX1XXXX", "googleCloud": ["one", "one", "X", "X", "two", "one", "nine", "one", "zero", "small"]}