{"bing_fil": ["11", "11", null, "0", "22", "11", null, null, null, null], "google": ["1", "X", "X", "X", "X", "1", "X", "wine", "X", "small"], "sphinx": ["it was", "one", "not in", "you know", "do you", "why", "then", "wahoo", "well", "men"], "ibm": ["one", "worn", "I", "yeah", "to", "one", "nine", "why", "you know", "nine"], "google_fil": ["11", null, null, null, null, "11", null, "9", null, null], "wit": ["one", "one", "nine", "", "do", "one", "no", "one", "", ""], "bing": ["one", "one", "god", "yeah", "two", "one", "X", "X", "X", "X"], "sphinx_fil": [null, "11", null, "0", null, "5", "8", null, "0", null], "googleCloud_fil": ["11", "11", null, null, "22", "11", "99", "11", "00", null], "wit_fil": ["11", "11", "99", null, "2", "11", "9", "11", null, null], "ibm_fil": ["11", null, "59", "0", "22", "11", "99", "5", "0", "99"], "final": "1190219109", "googleCloud": ["one", "one", "X", "X", "two", "one", "nine", "one", "zero", "small"]}