{"google": ["1", "X", "X", "X", "X", "1", "X", "wine", "X", "small"], "sphinx_fil": ["X", "1", "X", "0", "X", "X", "X", "2", "X", "X"], "wit": ["one", "one", "nine", "", "do", "one", "no", "one", "", ""], "time3": 2.2691609859466553, "time8": 2.0992271900177, "time9": 3.516378879547119, "time4": 2.028702974319458, "time5": 3.8376829624176025, "time6": 2.3614180088043213, "time7": 1.639587163925171, "time0": 2.7079179286956787, "time1": 2.038398027420044, "time2": 1.6393308639526367, "googleCloud_fil": ["1", "1", "X", "X", "2", "1", "9", "1", "0", "X"], "final": "1190219109", "total_time": 24.35501003265381, "bing_fil": ["1", "1", "X", "0", "2", "1", "X", "X", "X", "X"], "houndify": ["X", "X", "X", "X", "X", "X", "X", "X", "X", "X"], "wit_fil": ["1", "1", "9", "X", "2", "1", "9", "1", "X", "X"], "googleCloud": ["one", "one", "X", "X", "two", "one", "nine", "one", "zero", "small"], "sphinx": ["it was", "one", "not in", "you know", "do you", "why", "then", "wahoo", "well", "men"], "ibm": ["one", "worn", "I", "yeah", "to", "one", "nine", "why", "you know", "nine"], "google_fil": ["1", "X", "X", "X", "X", "1", "X", "9", "X", "X"], "bing": ["one", "one", "god", "yeah", "two", "one", "X", "X", "X", "X"], "ibm_fil": ["1", "X", "X", "0", "2", "1", "9", "X", "0", "9"], "houndify_fil": ["X", "X", "X", "X", "X", "X", "X", "X", "X", "X"]}