{"google": ["X", "9", "X", "X", "X", "X", "X", "free", "X", "none"], "sphinx_fil": ["X", "X", "X", "X", "2", "X", "2", "X", "2", "X"], "wit": ["nine", "nine", "five", "six", "hi", "hi", "who", "we", "turn", "nine"], "time3": 3.6203131675720215, "time8": 2.6447181701660156, "time9": 2.759549140930176, "time4": 2.777661085128784, "time5": 1.9887619018554688, "time6": 3.896641969680786, "time7": 2.266707181930542, "time0": 2.6553139686584473, "time1": 2.5219368934631348, "time2": 3.0576250553131104, "googleCloud_fil": ["X", "9", "X", "X", "X", "X", "X", "3", "X", "9"], "final": "99562X2329", "total_time": 28.407546043395996, "bing_fil": ["9", "9", "X", "X", "X", "X", "X", "X", "X", "1"], "houndify": ["X", "X", "X", "X", "X", "X", "X", "X", "X", "X"], "wit_fil": ["9", "9", "5", "6", "X", "X", "2", "X", "X", "9"], "googleCloud": ["X", "nine", "X", "X", "X", "X", "X", "three", "X", "nine"], "sphinx": ["then", "got it", "and yet", "they are", "i do", "pat", "i do", "oui", "two", "then"], "ibm": ["nine", "nine", "X", "yeah", "I", "I", "crew", "we", "crew", "nine"], "google_fil": ["X", "9", "X", "X", "X", "X", "X", "3", "X", "1"], "bing": ["no", "nine", "thanks", "X", "X", "X", "X", "we", "X", "none"], "ibm_fil": ["9", "9", "X", "0", "X", "X", "2", "X", "2", "9"], "houndify_fil": ["X", "X", "X", "X", "X", "X", "X", "X", "X", "X"]}