{"bing_fil": ["9", "99", "666", null, null, null, null, "33", null, "9"], "google": ["X", "9", "X", "X", "X", "X", "X", "free", "X", "none"], "sphinx": ["then", "got it", "and yet", "they are", "i do", "pat", "i do", "oui", "two", "then"], "ibm": ["nine", "nine", "X", "yeah", "I", "I", "crew", "we", "crew", "nine"], "google_fil": [null, "99", null, null, null, null, null, "33", null, "9"], "wit": ["nine", "nine", "five", "six", "hi", "hi", "who", "we", "turn", "nine"], "bing": ["no", "nine", "thanks", "X", "X", "X", "X", "we", "X", "none"], "sphinx_fil": ["8", null, null, null, "2", null, "2", null, "22", "8"], "googleCloud_fil": [null, "99", null, null, null, null, null, "33", null, "99"], "wit_fil": ["99", "99", "55", "6666", "59", "59", "22", "33", null, "99"], "ibm_fil": ["99", "99", null, "0", "59", "59", "2", "33", "2", "99"], "final": "9966552329", "googleCloud": ["X", "nine", "X", "X", "X", "X", "X", "three", "X", "nine"]}