{"bing_fil": ["X", "9", "X", "X", "X", "X", "X", "X", "X", "X"], "google": ["X", "9", "X", "X", "X", "X", "X", "free", "X", "none"], "sphinx": ["then", "got it", "and yet", "they are", "i do", "pat", "i do", "oui", "two", "then"], "ibm": ["nine", "nine", "X", "yeah", "I", "I", "crew", "we", "crew", "nine"], "google_fil": ["X", "9", "X", "X", "X", "X", "X", "X", "X", "X"], "wit": ["nine", "nine", "five", "six", "hi", "hi", "who", "we", "turn", "nine"], "bing": ["no", "nine", "thanks", "X", "X", "X", "X", "we", "X", "none"], "sphinx_fil": ["X", "X", "X", "X", "X", "X", "X", "X", "2", "X"], "googleCloud_fil": ["X", "9", "X", "X", "X", "X", "X", "3", "X", "9"], "wit_fil": ["9", "9", "5", "6", "X", "X", "X", "X", "X", "9"], "ibm_fil": ["9", "9", "X", "X", "X", "X", "X", "X", "X", "9"], "final": "X9XXXXXXXX", "googleCloud": ["X", "nine", "X", "X", "X", "X", "X", "three", "X", "nine"]}