{"bing_fil": [null, null, "888", "33", "11", "44", null, null, "666", "888"], "google": ["3", "X", "X", "free", "1", "4", "X", "X", "X", "X"], "sphinx": ["really", "ellen", "good", "they", "on that", "boy", "when", "hey", "they", "they"], "ibm": ["re", "so", "it", "crew", "or", "or", "all", "all", "they", "X"], "google_fil": ["33", null, null, "33", "11", "44", null, null, null, null], "wit": ["three", "seven", "good", "three", "one", "", "", "okay", "", "eight"], "bing": ["X", "X", "eight", "free", "one", "four", "home", "X", "thanks", "eight"], "sphinx_fil": ["3", null, null, "8", null, null, null, "8", "8", "8"], "googleCloud_fil": ["33", null, null, "33", "11", "44", "888", null, null, null], "wit_fil": ["33", "77", null, "33", "11", null, null, null, null, "888"], "ibm_fil": [null, "2", "68", "2", "44", "44", null, null, "8", null], "final": "3783148868", "googleCloud": ["three", "X", "X", "three", "one", "four", "eight", "X", "X", "X"]}