{"bing_fil": ["X", "X", "8", "X", "1", "4", "X", "X", "X", "8"], "google": ["3", "X", "X", "free", "1", "4", "X", "X", "X", "X"], "sphinx": ["really", "ellen", "good", "they", "on that", "boy", "when", "hey", "they", "they"], "ibm": ["re", "so", "it", "crew", "or", "or", "all", "all", "they", "X"], "google_fil": ["3", "X", "X", "X", "1", "4", "X", "X", "X", "X"], "wit": ["three", "seven", "good", "three", "one", "", "", "okay", "", "eight"], "bing": ["X", "X", "eight", "free", "one", "four", "home", "X", "thanks", "eight"], "sphinx_fil": ["X", "X", "X", "X", "X", "X", "X", "X", "X", "X"], "googleCloud_fil": ["3", "X", "X", "3", "1", "4", "8", "X", "X", "X"], "wit_fil": ["3", "7", "X", "3", "1", "X", "X", "X", "X", "8"], "ibm_fil": ["X", "X", "X", "X", "X", "X", "X", "X", "X", "X"], "final": "3XXX14XXXX", "googleCloud": ["three", "X", "X", "three", "one", "four", "eight", "X", "X", "X"]}