{"google": ["3", "X", "X", "free", "1", "4", "X", "X", "X", "X"], "sphinx_fil": ["X", "X", "X", "8", "X", "X", "X", "8", "8", "8"], "wit": ["three", "seven", "good", "three", "one", "", "", "okay", "", "eight"], "time3": 3.7269859313964844, "time8": 2.392210006713867, "time9": 1.9974429607391357, "time4": 1.5190050601959229, "time5": 3.5405681133270264, "time6": 3.0212249755859375, "time7": 2.4177119731903076, "time0": 15.899397134780884, "time1": 1.8293139934539795, "time2": 1.7724590301513672, "googleCloud_fil": ["3", "X", "X", "3", "1", "4", "8", "X", "X", "X"], "final": "3783148888", "total_time": 38.32724905014038, "bing_fil": ["X", "X", "8", "3", "1", "4", "X", "X", "X", "8"], "houndify": ["X", "X", "X", "X", "X", "X", "X", "X", "X", "X"], "wit_fil": ["3", "7", "X", "3", "1", "X", "X", "X", "X", "8"], "googleCloud": ["three", "X", "X", "three", "one", "four", "eight", "X", "X", "X"], "sphinx": ["really", "ellen", "good", "they", "on that", "boy", "when", "hey", "they", "they"], "ibm": ["re", "so", "it", "crew", "or", "or", "all", "all", "they", "X"], "google_fil": ["3", "X", "X", "3", "1", "4", "X", "X", "X", "X"], "bing": ["X", "X", "eight", "free", "one", "four", "home", "X", "thanks", "eight"], "ibm_fil": ["X", "X", "8", "2", "4", "4", "X", "X", "8", "X"], "houndify_fil": ["X", "X", "X", "X", "X", "X", "X", "X", "X", "X"]}