{"bing_fil": [null, null, null, null, null, null, null, "6666", "77", "55"], "google": ["X", "X", "safe", "X", "X", "weather", "Ciara", "X", "heaven", "X"], "sphinx": ["the", "i do", "why", "the", "war", "the", "hideo", "they", "and then", "oh"], "ibm": ["yeah", "to", "very", "there", "or", "that would", "there", "X", "seven", "X"], "google_fil": [null, null, null, null, null, "7", null, null, "7", null], "wit": ["", "who", "", "", "four", "seven", "is there", "", "seven", "what"], "bing": ["X", "X", "X", "X", "X", "X", "X", "sex", "seven", "five"], "sphinx_fil": [null, "2", "5", null, null, null, null, "8", null, null], "googleCloud_fil": [null, "22", "33", null, "44", "77", "00", "6666", "77", null], "wit_fil": [null, "22", null, null, "44", "77", null, null, "77", null], "ibm_fil": ["0", "22", "3", null, "44", null, null, null, "77", null], "final": "023X470675", "googleCloud": ["X", "two", "three", "X", "four", "seven", "zero", "six", "seven", "X"]}