{"bing_fil": ["X", "X", "X", "X", "X", "X", "X", "X", "7", "5"], "google": ["X", "X", "safe", "X", "X", "weather", "Ciara", "X", "heaven", "X"], "sphinx": ["the", "i do", "why", "the", "war", "the", "hideo", "they", "and then", "oh"], "ibm": ["yeah", "to", "very", "there", "or", "that would", "there", "X", "seven", "X"], "google_fil": ["X", "X", "X", "X", "X", "X", "X", "X", "X", "X"], "wit": ["", "who", "", "", "four", "seven", "is there", "", "seven", "what"], "bing": ["X", "X", "X", "X", "X", "X", "X", "sex", "seven", "five"], "sphinx_fil": ["X", "X", "X", "X", "X", "X", "X", "X", "X", "X"], "googleCloud_fil": ["X", "2", "3", "X", "4", "7", "0", "6", "7", "X"], "wit_fil": ["X", "X", "X", "X", "4", "7", "X", "X", "7", "X"], "ibm_fil": ["X", "2", "X", "X", "X", "X", "X", "X", "7", "X"], "final": "XXXXXXXX7X", "googleCloud": ["X", "two", "three", "X", "four", "seven", "zero", "six", "seven", "X"]}