{"google": ["X", "X", "safe", "X", "X", "weather", "Ciara", "X", "heaven", "X"], "sphinx_fil": ["X", "2", "X", "X", "X", "X", "X", "8", "X", "X"], "wit": ["", "who", "", "", "four", "seven", "is there", "", "seven", "what"], "time3": 2.7622649669647217, "time8": 2.2463691234588623, "time9": 3.48026704788208, "time4": 2.0920259952545166, "time5": 2.437494993209839, "time6": 17.412559032440186, "time7": 2.970461130142212, "time0": 2.460069179534912, "time1": 2.052180767059326, "time2": 2.350264072418213, "googleCloud_fil": ["X", "2", "3", "X", "4", "7", "0", "6", "7", "X"], "final": "023X470675", "total_time": 40.504010915756226, "bing_fil": ["X", "X", "X", "X", "X", "X", "X", "6", "7", "5"], "houndify": ["X", "X", "X", "X", "X", "X", "X", "X", "X", "X"], "wit_fil": ["X", "2", "X", "X", "4", "7", "X", "X", "7", "X"], "googleCloud": ["X", "two", "three", "X", "four", "seven", "zero", "six", "seven", "X"], "sphinx": ["the", "i do", "why", "the", "war", "the", "hideo", "they", "and then", "oh"], "ibm": ["yeah", "to", "very", "there", "or", "that would", "there", "X", "seven", "X"], "google_fil": ["X", "X", "X", "X", "X", "X", "X", "X", "7", "X"], "bing": ["X", "X", "X", "X", "X", "X", "X", "sex", "seven", "five"], "ibm_fil": ["0", "2", "3", "X", "4", "X", "X", "X", "7", "X"], "houndify_fil": ["X", "X", "X", "X", "X", "X", "X", "X", "X", "X"]}