{"google": ["X", "Laurel", "7", "X", "X", "X", "5", "X", "X", "X"], "sphinx_fil": ["X", "0", "X", "X", "X", "8", "9", "X", "4", "X"], "wit": ["", "yeah", "", "hey", "seven", "eight", "five", "", "", "seven"], "time3": 19.92454719543457, "time8": 1.3813951015472412, "time9": 2.1874499320983887, "time4": 1.7736289501190186, "time5": 18.456766843795776, "time6": 1.6533699035644531, "time7": 1.8459858894348145, "time0": 1.2771079540252686, "time1": 1.728637933731079, "time2": 2.2068471908569336, "googleCloud_fil": ["X", "X", "7", "X", "X", "X", "5", "X", "4", "X"], "final": "X078785X47", "total_time": 52.83553194999695, "bing_fil": ["X", "X", "7", "X", "X", "X", "5", "X", "4", "7"], "houndify": ["X", "X", "X", "X", "X", "X", "X", "X", "X", "X"], "wit_fil": ["X", "0", "X", "8", "7", "8", "5", "X", "X", "7"], "googleCloud": ["X", "Flora", "seven", "X", "X", "X", "five", "X", "four", "X"], "sphinx": ["then", "you know", "get in", "good", "alan", "they", "brian", "what", "or", "that i"], "ibm": ["X", "yeah route", "that", "X", "so", "eight", "I", "X", "or", "that"], "google_fil": ["X", "X", "7", "X", "X", "X", "5", "X", "X", "X"], "bing": ["hi", "X", "seven", "X", "X", "X", "five", "X", "four", "seven"], "ibm_fil": ["X", "X", "X", "X", "X", "8", "X", "X", "4", "X"], "houndify_fil": ["X", "X", "X", "X", "X", "X", "X", "X", "X", "X"]}