{"bing_fil": ["X", "X", "7", "X", "X", "X", "5", "X", "4", "7"], "google": ["X", "Laurel", "7", "X", "X", "X", "5", "X", "X", "X"], "sphinx": ["then", "you know", "get in", "good", "alan", "they", "brian", "what", "or", "that i"], "ibm": ["X", "yeah route", "that", "X", "so", "eight", "I", "X", "or", "that"], "google_fil": ["X", "X", "7", "X", "X", "X", "5", "X", "X", "X"], "wit": ["", "yeah", "", "hey", "seven", "eight", "five", "", "", "seven"], "bing": ["hi", "X", "seven", "X", "X", "X", "five", "X", "four", "seven"], "sphinx_fil": ["X", "X", "X", "X", "X", "X", "X", "X", "X", "X"], "googleCloud_fil": ["X", "X", "7", "X", "X", "X", "5", "X", "4", "X"], "wit_fil": ["X", "X", "X", "X", "7", "8", "5", "X", "X", "7"], "ibm_fil": ["X", "X", "X", "X", "X", "8", "X", "X", "X", "X"], "final": "XX7XXX5XXX", "googleCloud": ["X", "Flora", "seven", "X", "X", "X", "five", "X", "four", "X"]}