{"bing_fil": ["59", null, "77", null, null, null, "55", null, "44", "77"], "google": ["X", "Laurel", "7", "X", "X", "X", "5", "X", "X", "X"], "sphinx": ["then", "you know", "get in", "good", "alan", "they", "brian", "what", "or", "that i"], "ibm": ["X", "yeah route", "that", "X", "so", "eight", "I", "X", "or", "that"], "google_fil": [null, null, "77", null, null, null, "55", null, null, null], "wit": ["", "yeah", "", "hey", "seven", "eight", "five", "", "", "seven"], "bing": ["hi", "X", "seven", "X", "X", "X", "five", "X", "four", "seven"], "sphinx_fil": ["8", "0", "77", null, null, "8", "9", null, "44", null], "googleCloud_fil": [null, null, "77", null, null, null, "55", null, "44", null], "wit_fil": [null, "0", null, "8", "77", "888", "55", null, null, "77"], "ibm_fil": [null, null, null, null, "2", "888", "59", null, "44", null], "final": "5078785X47", "googleCloud": ["X", "Flora", "seven", "X", "X", "X", "five", "X", "four", "X"]}