{"google": ["X", "X", "X", "X", "X", "X", "X", "0", "3", "1"], "sphinx_fil": ["X", "X", "1", "5", "X", "X", "8", "0", "X", "X"], "wit": ["nine", "", "one", "five", "", "", "", "", "three", "one"], "time3": 4.429002046585083, "time8": 8.751155853271484, "time9": 1.651350975036621, "time4": 2.645132064819336, "time5": 3.144569158554077, "time6": 3.699233055114746, "time7": 1.9351239204406738, "time0": 2.425750970840454, "time1": 2.5759871006011963, "time2": 2.889958143234253, "googleCloud_fil": ["X", "4", "1", "5", "X", "X", "X", "0", "3", "1"], "final": "9415608031", "total_time": 34.30364680290222, "bing_fil": ["9", "4", "1", "5", "6", "X", "X", "0", "3", "X"], "houndify": ["X", "X", "X", "X", "X", "X", "X", "X", "X", "X"], "wit_fil": ["9", "X", "1", "5", "X", "X", "X", "X", "3", "1"], "googleCloud": ["X", "four", "one", "five", "X", "X", "X", "zero", "three", "one"], "sphinx": ["and i am", "oh", "one", "live", "today we're", "and and", "hey", "hello", "really", "morning"], "ibm": ["not", "or", "one", "I", "yeah", "yeah", "X", "zero", "every", "one"], "google_fil": ["X", "X", "X", "X", "X", "X", "X", "0", "3", "1"], "bing": ["nine", "four", "one", "five", "dick", "X", "X", "zero", "three", "morning"], "ibm_fil": ["X", "4", "1", "X", "0", "0", "X", "0", "X", "1"], "houndify_fil": ["X", "X", "X", "X", "X", "X", "X", "X", "X", "X"]}