{"bing_fil": ["99", "44", "11", "55", "6", null, null, "00", "33", null], "google": ["X", "X", "X", "X", "X", "X", "X", "0", "3", "1"], "sphinx": ["and i am", "oh", "one", "live", "today we're", "and and", "hey", "hello", "really", "morning"], "ibm": ["not", "or", "one", "I", "yeah", "yeah", "X", "zero", "every", "one"], "google_fil": [null, null, null, null, null, null, null, "00", "33", "11"], "wit": ["nine", "", "one", "five", "", "", "", "", "three", "one"], "bing": ["nine", "four", "one", "five", "dick", "X", "X", "zero", "three", "morning"], "sphinx_fil": [null, null, "11", "5", null, null, "8", "20", "3", null], "googleCloud_fil": [null, "44", "11", "55", null, null, null, "00", "33", "11"], "wit_fil": ["99", null, "11", "55", null, null, null, null, "33", "11"], "ibm_fil": [null, "44", "11", "59", "0", "0", null, "00", null, "11"], "final": "9415008031", "googleCloud": ["X", "four", "one", "five", "X", "X", "X", "zero", "three", "one"]}