{"bing_fil": ["9", "4", "1", "5", "X", "X", "X", "0", "3", "X"], "google": ["X", "X", "X", "X", "X", "X", "X", "0", "3", "1"], "sphinx": ["and i am", "oh", "one", "live", "today we're", "and and", "hey", "hello", "really", "morning"], "ibm": ["not", "or", "one", "I", "yeah", "yeah", "X", "zero", "every", "one"], "google_fil": ["X", "X", "X", "X", "X", "X", "X", "0", "3", "1"], "wit": ["nine", "", "one", "five", "", "", "", "", "three", "one"], "bing": ["nine", "four", "one", "five", "dick", "X", "X", "zero", "three", "morning"], "sphinx_fil": ["X", "X", "1", "X", "X", "X", "X", "X", "X", "X"], "googleCloud_fil": ["X", "4", "1", "5", "X", "X", "X", "0", "3", "1"], "wit_fil": ["9", "X", "1", "5", "X", "X", "X", "X", "3", "1"], "ibm_fil": ["X", "X", "1", "X", "X", "X", "X", "0", "X", "1"], "final": "XX1XXXX031", "googleCloud": ["X", "four", "one", "five", "X", "X", "X", "zero", "three", "one"]}