{"bing_fil": ["4", "9", null, "33", null, "99", "8", "44", null, "6666"], "google": ["X", "X", "X", "free", "3DS", "X", "X", "X", "3", "X"], "sphinx": ["good morning", "now i know", "by", "good", "they", "nine", "hey", "the horror", "really", "they are"], "ibm": ["or", "nine", "I", "through", "we", "right", "it", "or", "hurry", "they"], "google_fil": [null, null, null, "33", null, null, null, null, "33", null], "wit": ["what", "nine", "five", "three", "hey", "nine", "", "where", "three", ""], "bing": ["porn", "none", "X", "three", "X", "nine", "hey", "four", "X", "sex"], "sphinx_fil": [null, null, "59", null, "8", "99", "8", null, "3", null], "googleCloud_fil": [null, null, null, "33", "33", "99", null, "44", "33", null], "wit_fil": [null, "99", "55", "33", "8", "99", null, null, "33", null], "ibm_fil": ["44", "99", "59", null, "33", null, "68", "44", "3", "8"], "final": "4953398436", "googleCloud": ["X", "X", "X", "three", "three", "nine", "X", "four", "three", "X"]}