{"bing_fil": ["X", "X", "X", "3", "X", "9", "X", "4", "X", "X"], "google": ["X", "X", "X", "free", "3DS", "X", "X", "X", "3", "X"], "sphinx": ["good morning", "now i know", "by", "good", "they", "nine", "hey", "the horror", "really", "they are"], "ibm": ["or", "nine", "I", "through", "we", "right", "it", "or", "hurry", "they"], "google_fil": ["X", "X", "X", "X", "X", "X", "X", "X", "3", "X"], "wit": ["what", "nine", "five", "three", "hey", "nine", "", "where", "three", ""], "bing": ["porn", "none", "X", "three", "X", "nine", "hey", "four", "X", "sex"], "sphinx_fil": ["X", "X", "X", "X", "X", "9", "X", "X", "X", "X"], "googleCloud_fil": ["X", "X", "X", "3", "3", "9", "X", "4", "3", "X"], "wit_fil": ["X", "9", "5", "3", "X", "9", "X", "X", "3", "X"], "ibm_fil": ["X", "9", "X", "X", "X", "X", "X", "X", "X", "X"], "final": "XXXXX9XX3X", "googleCloud": ["X", "X", "X", "three", "three", "nine", "X", "four", "three", "X"]}