{"google": ["X", "X", "X", "free", "3DS", "X", "X", "X", "3", "X"], "houndify": ["war", "nine months", "", "iiii", "really", "nye", "eighty", "fore", "curry", "check distance"], "wit": ["what", "nine", "five", "three", "hey", "nine", "", "where", "three", ""], "time3": 2.5497069358825684, "time8": 3.572679042816162, "time9": 4.155555963516235, "time4": 3.1054370403289795, "time5": 1.5604829788208008, "time6": 2.091942071914673, "time7": 2.1647069454193115, "time0": 3.124728202819824, "time1": 2.7126548290252686, "time2": 2.4230520725250244, "googleCloud_fil": ["X", "X", "X", "3", "3", "9", "X", "4", "3", "X"], "final": "4953398436", "total_time": 27.95493483543396, "bing_fil": ["X", "1", "X", "3", "X", "9", "8", "4", "X", "6"], "sphinx_fil": ["X", "X", "X", "X", "8", "9", "8", "X", "X", "X"], "wit_fil": ["X", "9", "5", "3", "8", "9", "X", "X", "3", "X"], "googleCloud": ["X", "X", "X", "three", "three", "nine", "X", "four", "three", "X"], "sphinx": ["good morning", "now i know", "by", "good", "they", "nine", "hey", "the horror", "really", "they are"], "ibm": ["or", "nine", "I", "through", "we", "right", "it", "or", "hurry", "they"], "google_fil": ["X", "X", "X", "3", "X", "X", "X", "X", "3", "X"], "bing": ["porn", "none", "X", "three", "X", "nine", "hey", "four", "X", "sex"], "ibm_fil": ["4", "9", "X", "X", "X", "X", "8", "4", "X", "8"], "houndify_fil": ["X", "9", "X", "X", "X", "X", "X", "X", "X", "X"]}