{"bing_fil": ["5", "X", "X", "9", "X", "3", "X", "7", "X", "X"], "google": ["X", "X", "X", "X", "X", "free", "X", "7", "5", "0"], "sphinx": ["ah i do", "good", "you", "then", "no i", "they", "oh", "that is", "loan", "you know"], "ibm": ["I", "there", "you", "nine", "not", "X", "yeah", "rather", "X", "there are"], "google_fil": ["X", "X", "X", "X", "X", "X", "X", "7", "5", "0"], "wit": ["five", "", "who", "nine", "in", "three", "", "seven", "buy", "yeah"], "bing": ["five", "dick", "who", "nine", "no i'm", "three", "yeah", "seven", "bye", "river"], "sphinx_fil": ["X", "X", "X", "X", "X", "X", "X", "X", "X", "X"], "googleCloud_fil": ["X", "X", "X", "X", "X", "3", "1", "7", "5", "0"], "wit_fil": ["5", "X", "X", "9", "X", "3", "X", "7", "X", "X"], "ibm_fil": ["X", "X", "X", "9", "X", "X", "X", "X", "X", "X"], "final": "XXXXXXX7XX", "googleCloud": ["X", "X", "X", "X", "X", "three", "one", "seven", "five", "zero"]}