{"google": ["X", "X", "X", "X", "X", "free", "X", "7", "5", "0"], "sphinx_fil": ["2", "X", "X", "X", "9", "8", "X", "X", "X", "0"], "wit": ["five", "", "who", "nine", "in", "three", "", "seven", "buy", "yeah"], "time3": 1.9573249816894531, "time8": 1.5964198112487793, "time9": 1.543644905090332, "time4": 1.870581865310669, "time5": 3.1254000663757324, "time6": 3.0519938468933105, "time7": 2.6353390216827393, "time0": 1.8070290088653564, "time1": 2.4906320571899414, "time2": 1.8023550510406494, "googleCloud_fil": ["X", "X", "X", "X", "X", "3", "1", "7", "5", "0"], "final": "5629931750", "total_time": 22.003489017486572, "bing_fil": ["5", "6", "2", "9", "X", "3", "0", "7", "X", "5"], "houndify": ["X", "X", "X", "X", "X", "X", "X", "X", "X", "X"], "wit_fil": ["5", "X", "2", "9", "X", "3", "X", "7", "X", "0"], "googleCloud": ["X", "X", "X", "X", "X", "three", "one", "seven", "five", "zero"], "sphinx": ["ah i do", "good", "you", "then", "no i", "they", "oh", "that is", "loan", "you know"], "ibm": ["I", "there", "you", "nine", "not", "X", "yeah", "rather", "X", "there are"], "google_fil": ["X", "X", "X", "X", "X", "3", "X", "7", "5", "0"], "bing": ["five", "dick", "who", "nine", "no i'm", "three", "yeah", "seven", "bye", "river"], "ibm_fil": ["X", "X", "X", "9", "X", "X", "0", "X", "X", "X"], "houndify_fil": ["X", "X", "X", "X", "X", "X", "X", "X", "X", "X"]}