{"bing_fil": ["55", "6", "22", "99", "9", "33", "0", "77", "59", "5"], "google": ["X", "X", "X", "X", "X", "free", "X", "7", "5", "0"], "sphinx": ["ah i do", "good", "you", "then", "no i", "they", "oh", "that is", "loan", "you know"], "ibm": ["I", "there", "you", "nine", "not", "X", "yeah", "rather", "X", "there are"], "google_fil": [null, null, null, null, null, "33", null, "77", "55", "00"], "wit": ["five", "", "who", "nine", "in", "three", "", "seven", "buy", "yeah"], "bing": ["five", "dick", "who", "nine", "no i'm", "three", "yeah", "seven", "bye", "river"], "sphinx_fil": ["2", null, "2", "8", "9", "8", null, null, null, "0"], "googleCloud_fil": [null, null, null, null, null, "33", "11", "77", "55", "00"], "wit_fil": ["55", null, "22", "99", null, "33", null, "77", "59", "0"], "ibm_fil": ["59", null, "2", "99", null, null, "0", null, null, null], "final": "5629930750", "googleCloud": ["X", "X", "X", "X", "X", "three", "one", "seven", "five", "zero"]}