{"bing_fil": ["55", "6666", "22", "00", "6666", null, "0", null, null, null], "google": ["X", "sex", "X", "0", "X", "Farm", "X", "X", "X", "X"], "sphinx": ["by whom", "they will", "hey lou", "the euro", "hey", "while the", "no", "nah i'm", "the", "the guy"], "ibm": ["I", "they", "you", "zero", "X", "X", "zero", "I", "X", "X"], "google_fil": [null, "6666", null, "00", null, null, null, null, null, null], "wit": ["five", "they", "who", "zero", "six", "one", "hello", "yeah okay", "", "set"], "bing": ["five", "sex", "who", "zero", "sex", "home", "girl", "X", "X", "X"], "sphinx_fil": [null, null, null, "0", "8", null, "9", null, null, null], "googleCloud_fil": ["55", "6666", "22", "00", "6666", "11", null, "99", null, null], "wit_fil": ["55", "8", "22", "00", "6666", "11", "20", null, null, "6666"], "ibm_fil": ["59", "8", "2", "00", null, null, "00", "59", null, null], "final": "56206109X6", "googleCloud": ["five", "six", "two", "zero", "six", "one", "X", "nine", "X", "X"]}