{"bing_fil": ["5", "X", "X", "0", "X", "X", "X", "X", "X", "X"], "google": ["X", "sex", "X", "0", "X", "Farm", "X", "X", "X", "X"], "sphinx": ["by whom", "they will", "hey lou", "the euro", "hey", "while the", "no", "nah i'm", "the", "the guy"], "ibm": ["I", "they", "you", "zero", "X", "X", "zero", "I", "X", "X"], "google_fil": ["X", "X", "X", "0", "X", "X", "X", "X", "X", "X"], "wit": ["five", "they", "who", "zero", "six", "one", "hello", "yeah okay", "", "set"], "bing": ["five", "sex", "who", "zero", "sex", "home", "girl", "X", "X", "X"], "sphinx_fil": ["X", "X", "X", "X", "X", "X", "X", "X", "X", "X"], "googleCloud_fil": ["5", "6", "2", "0", "6", "1", "X", "9", "X", "X"], "wit_fil": ["5", "X", "X", "0", "6", "1", "X", "X", "X", "X"], "ibm_fil": ["X", "X", "X", "0", "X", "X", "0", "X", "X", "X"], "final": "XXX0XXXXXX", "googleCloud": ["five", "six", "two", "zero", "six", "one", "X", "nine", "X", "X"]}