{"google": ["X", "sex", "X", "0", "X", "Farm", "X", "X", "X", "X"], "sphinx_fil": ["X", "X", "X", "X", "8", "X", "9", "X", "X", "X"], "wit": ["five", "they", "who", "zero", "six", "one", "hello", "yeah okay", "", "set"], "time3": 2.034592866897583, "time8": 2.8973259925842285, "time9": 3.855664014816284, "time4": 2.833515167236328, "time5": 1.6656889915466309, "time6": 1.992598056793213, "time7": 1.8568191528320312, "time0": 1.823880910873413, "time1": 2.422482967376709, "time2": 1.898841142654419, "googleCloud_fil": ["5", "6", "2", "0", "6", "1", "X", "9", "X", "X"], "final": "56206109X6", "total_time": 23.48333191871643, "bing_fil": ["5", "6", "2", "0", "6", "X", "0", "X", "X", "X"], "houndify": ["X", "X", "X", "X", "X", "X", "X", "X", "X", "X"], "wit_fil": ["5", "8", "2", "0", "6", "1", "0", "X", "X", "6"], "googleCloud": ["five", "six", "two", "zero", "six", "one", "X", "nine", "X", "X"], "sphinx": ["by whom", "they will", "hey lou", "the euro", "hey", "while the", "no", "nah i'm", "the", "the guy"], "ibm": ["I", "they", "you", "zero", "X", "X", "zero", "I", "X", "X"], "google_fil": ["X", "6", "X", "0", "X", "X", "X", "X", "X", "X"], "bing": ["five", "sex", "who", "zero", "sex", "home", "girl", "X", "X", "X"], "ibm_fil": ["X", "8", "X", "0", "X", "X", "0", "X", "X", "X"], "houndify_fil": ["X", "X", "X", "X", "X", "X", "X", "X", "X", "X"]}