{"bing_fil": [null, "888", null, "33", "33", null, null, null, "99", "77"], "google": ["X", "X", "X", "3", "X", "X", "9", "X", "9", "X"], "sphinx": ["lou", "good", "hey", "hurry", "they", "they", "nine", "that", "no i", "the"], "ibm": ["X", "it", "X", "very", "re", "X", "nine", "great", "nine", "river"], "google_fil": [null, null, null, "33", null, null, "99", null, "99", null], "wit": ["hello", "what", "eight", "three", "three", "", "nine", "", "nine", "seven"], "bing": ["X", "eight", "X", "three", "three", "X", "X", "X", "nine", "seven"], "sphinx_fil": ["2", null, "8", "3", "8", "8", "99", null, "9", null], "googleCloud_fil": [null, "888", null, "33", "33", null, "99", null, "99", null], "wit_fil": ["20", null, "888", "33", "33", null, "99", null, "99", "77"], "ibm_fil": [null, "68", null, "3", null, null, "99", null, "99", "5"], "final": "2883389X97", "googleCloud": ["X", "eight", "X", "three", "three", "X", "nine", "X", "nine", "X"]}