{"google": ["X", "X", "X", "3", "X", "X", "9", "X", "9", "X"], "sphinx_fil": ["X", "X", "8", "X", "8", "8", "9", "X", "9", "X"], "wit": ["hello", "what", "eight", "three", "three", "", "nine", "", "nine", "seven"], "time3": 2.084847927093506, "time8": 2.235081911087036, "time9": 2.4479520320892334, "time4": 2.6186280250549316, "time5": 1.7790138721466064, "time6": 1.990684986114502, "time7": 3.855782985687256, "time0": 1.9547548294067383, "time1": 2.5063719749450684, "time2": 2.046808958053589, "googleCloud_fil": ["X", "8", "X", "3", "3", "X", "9", "X", "9", "X"], "final": "0883389X97", "total_time": 23.704323053359985, "bing_fil": ["X", "8", "X", "3", "3", "X", "X", "X", "9", "7"], "houndify": ["X", "X", "X", "X", "X", "X", "X", "X", "X"], "wit_fil": ["0", "X", "8", "3", "3", "X", "9", "X", "9", "7"], "googleCloud": ["X", "eight", "X", "three", "three", "X", "nine", "X", "nine", "X"], "sphinx": ["lou", "good", "hey", "hurry", "they", "they", "nine", "that", "no i", "the"], "ibm": ["X", "it", "X", "very", "re", "X", "nine", "great", "nine", "river"], "google_fil": ["X", "X", "X", "3", "X", "X", "9", "X", "9", "X"], "bing": ["X", "eight", "X", "three", "three", "X", "X", "X", "nine", "seven"], "ibm_fil": ["X", "8", "X", "3", "X", "X", "9", "X", "9", "5"], "houndify_fil": ["X", "X", "X", "X", "X", "X", "X", "X", "X"]}