{"bing_fil": ["X", "8", "X", "3", "3", "X", "X", "X", "9", "7"], "google": ["X", "X", "X", "3", "X", "X", "9", "X", "9", "X"], "sphinx": ["lou", "good", "hey", "hurry", "they", "they", "nine", "that", "no i", "the"], "ibm": ["X", "it", "X", "very", "re", "X", "nine", "great", "nine", "river"], "google_fil": ["X", "X", "X", "3", "X", "X", "9", "X", "9", "X"], "wit": ["hello", "what", "eight", "three", "three", "", "nine", "", "nine", "seven"], "bing": ["X", "eight", "X", "three", "three", "X", "X", "X", "nine", "seven"], "sphinx_fil": ["X", "X", "X", "X", "X", "X", "9", "X", "X", "X"], "googleCloud_fil": ["X", "8", "X", "3", "3", "X", "9", "X", "9", "X"], "wit_fil": ["X", "X", "8", "3", "3", "X", "9", "X", "9", "7"], "ibm_fil": ["X", "X", "X", "X", "X", "X", "9", "X", "9", "X"], "final": "XXX3XX9X9X", "googleCloud": ["X", "eight", "X", "three", "three", "X", "nine", "X", "nine", "X"]}