{"bing_fil": ["59", null, null, "44", "99", "44", "55", null, "33", null], "google": ["X", "X", "X", "4", "X", "X", "X", "X", "X", "hero"], "sphinx": ["oh no", "two", "lou", "why", "yeah i", "four", "bye", "", "to", "you're on"], "ibm": ["are", "you", "or", "or", "nine", "or", "five", "a", "early", "zero"], "google_fil": [null, null, null, "44", null, null, null, null, null, "0"], "wit": ["", "who", "bring", "four", "nine", "four", "buy", "hey", "three", "zero"], "bing": ["hi", "is", "call", "four", "nine", "four", "five", "X", "three", "you're out"], "sphinx_fil": [null, "22", "2", "5", null, "44", "59", null, "22", null], "googleCloud_fil": ["55", null, null, "44", null, null, null, null, "33", "00"], "wit_fil": [null, "22", null, "44", "99", "44", "59", "8", "33", "00"], "ibm_fil": [null, "2", "44", "44", "99", "44", "55", "8", null, "00"], "final": "5244945830", "googleCloud": ["five", "X", "X", "four", "X", "X", "X", "X", "three", "zero"]}