{"bing_fil": ["X", "X", "X", "4", "9", "4", "5", "X", "3", "X"], "google": ["X", "X", "X", "4", "X", "X", "X", "X", "X", "hero"], "sphinx": ["oh no", "two", "lou", "why", "yeah i", "four", "bye", "", "to", "you're on"], "ibm": ["are", "you", "or", "or", "nine", "or", "five", "a", "early", "zero"], "google_fil": ["X", "X", "X", "4", "X", "X", "X", "X", "X", "X"], "wit": ["", "who", "bring", "four", "nine", "four", "buy", "hey", "three", "zero"], "bing": ["hi", "is", "call", "four", "nine", "four", "five", "X", "three", "you're out"], "sphinx_fil": ["X", "2", "X", "X", "X", "4", "X", "X", "2", "X"], "googleCloud_fil": ["5", "X", "X", "4", "X", "X", "X", "X", "3", "0"], "wit_fil": ["X", "X", "X", "4", "9", "4", "X", "X", "3", "0"], "ibm_fil": ["X", "X", "X", "X", "9", "X", "5", "X", "X", "0"], "final": "XXX4XXXX3X", "googleCloud": ["five", "X", "X", "four", "X", "X", "X", "X", "three", "zero"]}