{"google": ["X", "X", "X", "4", "X", "X", "X", "X", "X", "hero"], "sphinx_fil": ["X", "2", "X", "X", "X", "4", "X", "X", "2", "X"], "wit": ["", "who", "bring", "four", "nine", "four", "buy", "hey", "three", "zero"], "time3": 2.059267997741699, "time8": 3.006194829940796, "time9": 2.025218963623047, "time4": 3.2789080142974854, "time5": 1.9704091548919678, "time6": 2.265465021133423, "time7": 2.122802972793579, "time0": 2.6504621505737305, "time1": 2.9021849632263184, "time2": 2.015285015106201, "googleCloud_fil": ["5", "X", "X", "4", "X", "X", "X", "X", "3", "0"], "final": "5244945830", "total_time": 24.51470708847046, "bing_fil": ["X", "X", "X", "4", "9", "4", "5", "X", "3", "X"], "houndify": ["X", "X", "X", "X", "X", "X", "X", "X", "X", "X"], "wit_fil": ["X", "2", "X", "4", "9", "4", "X", "8", "3", "0"], "googleCloud": ["five", "X", "X", "four", "X", "X", "X", "X", "three", "zero"], "sphinx": ["oh no", "two", "lou", "why", "yeah i", "four", "bye", "", "to", "you're on"], "ibm": ["are", "you", "or", "or", "nine", "or", "five", "a", "early", "zero"], "google_fil": ["X", "X", "X", "4", "X", "X", "X", "X", "X", "0"], "bing": ["hi", "is", "call", "four", "nine", "four", "five", "X", "three", "you're out"], "ibm_fil": ["X", "X", "4", "4", "9", "4", "5", "8", "X", "0"], "houndify_fil": ["X", "X", "X", "X", "X", "X", "X", "X", "X", "X"]}