{"bing_fil": ["9", "9", "22", "11", "9", "7", "9", null, "11", "0"], "google": ["X", "9", "X", "1", "X", "iPhone", "Skype", "X", "X", "X"], "sphinx": ["none", "no i'm", "the film", "what", "no i", "and then", "guy", "one", "juan", "the era"], "ibm": ["right", "nine", "you", "one", "nine", "at one", "yeah I", "one", "one", "yeah"], "google_fil": [null, "99", null, "11", null, null, null, null, null, null], "wit": ["nine", "nine", "him", "one", "nine", "", "nine", "one", "one", ""], "bing": ["night", "no", "who", "one", "no", "heaven", "nice", "X", "one", "yeah"], "sphinx_fil": ["9", "9", null, null, "9", null, null, "11", "1", null], "googleCloud_fil": [null, "99", "22", "11", null, "77", "55", "11", null, null], "wit_fil": ["99", "99", null, "11", "99", null, "99", "11", "11", null], "ibm_fil": [null, "99", "2", "11", "99", null, "9", "11", "11", "0"], "final": "9921979110", "googleCloud": ["X", "nine", "two", "one", "X", "seven", "five", "one", "X", "X"]}