{"google": ["X", "9", "X", "1", "X", "iPhone", "Skype", "X", "X", "X"], "sphinx_fil": ["1", "X", "X", "X", "9", "X", "X", "1", "1", "X"], "wit": ["nine", "nine", "him", "one", "nine", "", "nine", "one", "one", ""], "time3": 3.7863550186157227, "time8": 1.5080080032348633, "time9": 2.0155351161956787, "time4": 2.264355182647705, "time5": 1.7427480220794678, "time6": 1.9297490119934082, "time7": 1.527566909790039, "time0": 2.4908499717712402, "time1": 2.0502700805664062, "time2": 3.0332319736480713, "googleCloud_fil": ["X", "9", "2", "1", "X", "7", "5", "1", "X", "X"], "final": "9921975110", "total_time": 22.74407196044922, "bing_fil": ["9", "9", "2", "1", "9", "7", "X", "X", "1", "0"], "houndify": ["line", "no time", "film", "what is", "ninety", "appen", "nice", "juan", "wine", "the o"], "wit_fil": ["9", "9", "X", "1", "9", "X", "9", "1", "1", "X"], "googleCloud": ["X", "nine", "two", "one", "X", "seven", "five", "one", "X", "X"], "sphinx": ["none", "no i'm", "the film", "what", "no i", "and then", "guy", "one", "juan", "the era"], "ibm": ["right", "nine", "you", "one", "nine", "at one", "yeah I", "one", "one", "yeah"], "google_fil": ["X", "9", "X", "1", "X", "1", "X", "X", "X", "X"], "bing": ["night", "no", "who", "one", "no", "heaven", "nice", "X", "one", "yeah"], "ibm_fil": ["X", "9", "X", "1", "9", "1", "X", "1", "1", "0"], "houndify_fil": ["9", "X", "X", "X", "9", "X", "X", "1", "9", "X"]}