{"bing_fil": ["X", "X", "X", "1", "X", "X", "X", "X", "1", "X"], "google": ["X", "9", "X", "1", "X", "iPhone", "Skype", "X", "X", "X"], "sphinx": ["none", "no i'm", "the film", "what", "no i", "and then", "guy", "one", "juan", "the era"], "ibm": ["right", "nine", "you", "one", "nine", "at one", "yeah I", "one", "one", "yeah"], "google_fil": ["X", "9", "X", "1", "X", "X", "X", "X", "X", "X"], "wit": ["nine", "nine", "him", "one", "nine", "", "nine", "one", "one", ""], "bing": ["night", "no", "who", "one", "no", "heaven", "nice", "X", "one", "yeah"], "sphinx_fil": ["X", "X", "X", "X", "X", "X", "X", "1", "X", "X"], "googleCloud_fil": ["X", "9", "2", "1", "X", "7", "5", "1", "X", "X"], "wit_fil": ["9", "9", "X", "1", "9", "X", "9", "1", "1", "X"], "ibm_fil": ["X", "9", "X", "1", "9", "X", "X", "1", "1", "X"], "final": "X9X1XXX1XX", "googleCloud": ["X", "nine", "two", "one", "X", "seven", "five", "one", "X", "X"]}