{"bing_fil": [null, "77", null, null, "9", null, "0", "00", "55", "55"], "google": ["0", "weather", "X", "X", "X", "X", "X", "hero", "5", "X"], "sphinx": ["and you know", "i haven't", "narrator", "no they hide it", "none", "they", "bill", "no", "i do", "all right"], "ibm": ["zero", "then", "learn", "really", "right", "it", "no", "zero", "I", "are"], "google_fil": ["00", "7", null, null, null, null, null, "0", "55", null], "wit": ["yo", "", "nine", "what's the", "nine", "hey", "no", "hello", "", "five"], "bing": ["X", "seven", "X", "X", "no", "X", "bill", "zero", "five", "five"], "sphinx_fil": [null, "7", null, null, "9", "8", "0", "9", "2", null], "googleCloud_fil": ["0", "77", null, "33", null, "888", null, "00", "55", "44"], "wit_fil": ["0", null, "99", null, "99", "8", "9", "20", null, "55"], "ibm_fil": ["00", "8", null, "3", null, "68", "9", "00", "59", null], "final": "0793989055", "googleCloud": ["the zero", "seven", "X", "three", "X", "eight", "X", "zero", "five", "four"]}