{"bing_fil": ["X", "7", "X", "X", "X", "X", "X", "0", "5", "5"], "google": ["0", "weather", "X", "X", "X", "X", "X", "hero", "5", "X"], "sphinx": ["and you know", "i haven't", "narrator", "no they hide it", "none", "they", "bill", "no", "i do", "all right"], "ibm": ["zero", "then", "learn", "really", "right", "it", "no", "zero", "I", "are"], "google_fil": ["0", "X", "X", "X", "X", "X", "X", "X", "5", "X"], "wit": ["yo", "", "nine", "what's the", "nine", "hey", "no", "hello", "", "five"], "bing": ["X", "seven", "X", "X", "no", "X", "bill", "zero", "five", "five"], "sphinx_fil": ["X", "X", "X", "X", "X", "X", "X", "X", "X", "X"], "googleCloud_fil": ["X", "7", "X", "3", "X", "8", "X", "0", "5", "4"], "wit_fil": ["X", "X", "9", "X", "9", "X", "X", "X", "X", "5"], "ibm_fil": ["0", "X", "X", "X", "X", "X", "X", "0", "X", "X"], "final": "XXXXXXXX5X", "googleCloud": ["the zero", "seven", "X", "three", "X", "eight", "X", "zero", "five", "four"]}