{"google": ["0", "weather", "X", "X", "X", "X", "X", "hero", "5", "X"], "houndify": ["zero", "sevan", "meron", "lee", "nite", "ate", "bill", "hero", "five days", "vive"], "wit": ["yo", "", "nine", "what's the", "nine", "hey", "no", "hello", "", "five"], "time3": 3.4522359371185303, "time8": 3.016641855239868, "time9": 1.8802459239959717, "time4": 1.4569129943847656, "time5": 1.7463948726654053, "time6": 2.7293500900268555, "time7": 1.8721771240234375, "time0": 2.332717180252075, "time1": 2.1058669090270996, "time2": 2.309130907058716, "googleCloud_fil": ["0", "7", "X", "3", "X", "8", "X", "0", "5", "4"], "final": "0793980055", "total_time": 23.397057056427002, "bing_fil": ["X", "7", "X", "X", "9", "X", "0", "0", "5", "5"], "sphinx_fil": ["X", "7", "X", "X", "1", "8", "0", "9", "2", "X"], "wit_fil": ["0", "X", "9", "X", "9", "8", "9", "0", "X", "5"], "googleCloud": ["the zero", "seven", "X", "three", "X", "eight", "X", "zero", "five", "four"], "sphinx": ["and you know", "i haven't", "narrator", "no they hide it", "none", "they", "bill", "no", "i do", "all right"], "ibm": ["zero", "then", "learn", "really", "right", "it", "no", "zero", "I", "are"], "google_fil": ["0", "X", "X", "X", "X", "X", "X", "0", "5", "X"], "bing": ["X", "seven", "X", "X", "no", "X", "bill", "zero", "five", "five"], "ibm_fil": ["0", "X", "X", "X", "X", "8", "9", "0", "X", "X"], "houndify_fil": ["0", "X", "0", "3", "X", "8", "0", "0", "5", "5"]}