{"google": ["X", "X", "who won", "X", "X", "9", "X", "X", "X", "9"], "sphinx_fil": ["0", "2", "1", "X", "X", "1", "X", "0", "X", "9"], "wit": ["yeah", "who", "one", "nine", "who", "nine", "eight hundred", "well", "two", "nine"], "time3": 2.716662883758545, "time8": 2.1972298622131348, "time9": 1.657231092453003, "time4": 3.672050952911377, "time5": 3.6964540481567383, "time6": 2.3392720222473145, "time7": 3.768387794494629, "time0": 2.9074931144714355, "time1": 1.8090600967407227, "time2": 2.436275005340576, "googleCloud_fil": ["X", "2", "1", "X", "2", "9", "8", "0", "X", "9"], "final": "0219298029", "total_time": 27.64876699447632, "bing_fil": ["X", "2", "X", "X", "2", "9", "8", "0", "2", "9"], "houndify": ["nan", "tu", "who won", "cut nine", "tu", "mine", "eight tenths", "an hero", "tu", "ninth"], "wit_fil": ["0", "2", "1", "9", "2", "9", "1", "X", "2", "9"], "googleCloud": ["X", "two", "one", "X", "two", "nine", "eight", "zero", "X", "nine"], "sphinx": ["yeah", "two", "juan", "now i don't", "halo", "none", "they had", "the hero", "hey lou", "nine"], "ibm": ["not", "to", "one", "nine", "to", "nine", "X", "zero", "you", "nine"], "google_fil": ["X", "X", "X", "X", "X", "9", "X", "X", "X", "9"], "bing": ["X", "two", "X", "X", "two", "nine", "eight", "yo", "do", "nine"], "ibm_fil": ["X", "2", "1", "9", "2", "9", "X", "0", "X", "9"], "houndify_fil": ["X", "X", "X", "9", "X", "9", "X", "0", "X", "X"]}