{"bing_fil": ["X", "2", "X", "X", "2", "9", "8", "X", "X", "9"], "google": ["X", "X", "who won", "X", "X", "9", "X", "X", "X", "9"], "sphinx": ["yeah", "two", "juan", "now i don't", "halo", "none", "they had", "the hero", "hey lou", "nine"], "ibm": ["not", "to", "one", "nine", "to", "nine", "X", "zero", "you", "nine"], "google_fil": ["X", "X", "X", "X", "X", "9", "X", "X", "X", "9"], "wit": ["yeah", "who", "one", "nine", "who", "nine", "eight hundred", "well", "two", "nine"], "bing": ["X", "two", "X", "X", "two", "nine", "eight", "yo", "do", "nine"], "sphinx_fil": ["X", "2", "X", "X", "X", "X", "X", "X", "X", "9"], "googleCloud_fil": ["X", "2", "1", "X", "2", "9", "8", "0", "X", "9"], "wit_fil": ["X", "X", "1", "9", "X", "9", "X", "X", "2", "9"], "ibm_fil": ["X", "2", "1", "9", "2", "9", "X", "0", "X", "9"], "final": "X2XXX9XXX9", "googleCloud": ["X", "two", "one", "X", "two", "nine", "eight", "zero", "X", "nine"]}