{"bing_fil": [null, "22", null, null, "22", "99", "888", "0", "2", "99"], "google": ["X", "X", "who won", "X", "X", "9", "X", "X", "X", "9"], "sphinx": ["yeah", "two", "juan", "now i don't", "halo", "none", "they had", "the hero", "hey lou", "nine"], "ibm": ["not", "to", "one", "nine", "to", "nine", "X", "zero", "you", "nine"], "google_fil": [null, null, "1", null, null, "99", null, null, null, "99"], "wit": ["yeah", "who", "one", "nine", "who", "nine", "eight hundred", "well", "two", "nine"], "bing": ["X", "two", "X", "X", "two", "nine", "eight", "yo", "do", "nine"], "sphinx_fil": ["0", "22", "1", null, null, "9", null, "0", null, "99"], "googleCloud_fil": [null, "22", "11", null, "22", "99", "888", "00", null, "99"], "wit_fil": ["0", "22", "11", "99", "22", "99", "8", "0", "22", "99"], "ibm_fil": [null, "22", "11", "99", "22", "99", null, "00", "2", "99"], "final": "0219298029", "googleCloud": ["X", "two", "one", "X", "two", "nine", "eight", "zero", "X", "nine"]}