{"bing_fil": [null, "888", "55", "6666", null, null, "9", "888", "22", null], "google": ["X", "8", "X", "X", "X", "X", "X", "X", "X", "X"], "sphinx": ["bye", "it a", "was it", "and", "you", "more", "now a", "it could", "ooh", "dick"], "ibm": ["by", "eight", "five", "it", "X", "or", "nine", "it", "to", "thank"], "google_fil": [null, "888", null, null, null, null, null, null, null, null], "wit": ["buy", "eight", "five", "", "hello", "four", "nine", "", "who", "book"], "bing": ["X", "eight", "five", "sex", "X", "X", "night", "eight", "who", "X"], "sphinx_fil": ["59", null, null, null, "2", "4", null, null, null, "6"], "googleCloud_fil": ["55", "888", "55", null, null, "44", "99", null, null, "6666"], "wit_fil": ["59", "888", "55", null, "20", "44", "99", null, "22", null], "ibm_fil": ["59", "888", "55", "68", null, "44", "99", "68", "22", "6"], "final": "5856249826", "googleCloud": ["five", "eight", "five", "X", "X", "four", "nine", "X", "X", "six"]}