{"bing_fil": ["X", "8", "5", "X", "X", "X", "X", "8", "X", "X"], "google": ["X", "8", "X", "X", "X", "X", "X", "X", "X", "X"], "sphinx": ["bye", "it a", "was it", "and", "you", "more", "now a", "it could", "ooh", "dick"], "ibm": ["by", "eight", "five", "it", "X", "or", "nine", "it", "to", "thank"], "google_fil": ["X", "8", "X", "X", "X", "X", "X", "X", "X", "X"], "wit": ["buy", "eight", "five", "", "hello", "four", "nine", "", "who", "book"], "bing": ["X", "eight", "five", "sex", "X", "X", "night", "eight", "who", "X"], "sphinx_fil": ["X", "X", "X", "X", "X", "X", "X", "X", "X", "X"], "googleCloud_fil": ["5", "8", "5", "X", "X", "4", "9", "X", "X", "6"], "wit_fil": ["X", "8", "5", "X", "X", "4", "9", "X", "X", "X"], "ibm_fil": ["X", "8", "5", "X", "X", "X", "9", "X", "2", "X"], "final": "X85XXXXXXX", "googleCloud": ["five", "eight", "five", "X", "X", "four", "nine", "X", "X", "six"]}