{"google": ["X", "8", "X", "X", "X", "X", "X", "X", "X", "X"], "sphinx_fil": ["X", "X", "X", "X", "X", "4", "X", "X", "X", "6"], "wit": ["buy", "eight", "five", "", "hello", "four", "nine", "", "who", "book"], "time3": 2.8430559635162354, "time8": 2.153109073638916, "time9": 1.8126540184020996, "time4": 2.4661190509796143, "time5": 1.9868981838226318, "time6": 2.141695022583008, "time7": 2.012768030166626, "time0": 1.7076799869537354, "time1": 2.6707770824432373, "time2": 2.3633010387420654, "googleCloud_fil": ["5", "8", "5", "X", "X", "4", "9", "X", "X", "6"], "final": "5856049826", "total_time": 22.529754877090454, "bing_fil": ["X", "8", "5", "6", "X", "X", "9", "8", "2", "X"], "houndify": ["X", "X", "X", "X", "X", "X", "X", "X", "X", "X"], "wit_fil": ["X", "8", "5", "X", "0", "4", "9", "X", "2", "X"], "googleCloud": ["five", "eight", "five", "X", "X", "four", "nine", "X", "X", "six"], "sphinx": ["bye", "it a", "was it", "and", "you", "more", "now a", "it could", "ooh", "dick"], "ibm": ["by", "eight", "five", "it", "X", "or", "nine", "it", "to", "thank"], "google_fil": ["X", "8", "X", "X", "X", "X", "X", "X", "X", "X"], "bing": ["X", "eight", "five", "sex", "X", "X", "night", "eight", "who", "X"], "ibm_fil": ["X", "8", "5", "8", "X", "4", "9", "8", "2", "X"], "houndify_fil": ["X", "X", "X", "X", "X", "X", "X", "X", "X", "X"]}