{"bing_fil": [null, null, null, "0", null, "11", null, null, null, "77"], "google": ["X", "free", "X", "X", "X", "X", "sex", "X", "X", "7"], "sphinx": ["that and", "they have", "hey", "pull", "i am", "what", "dead", "then", "uh huh", "that in"], "ibm": ["that", "free", "X", "or", "X", "one", "they", "that", "X", "yeah"], "google_fil": [null, "33", null, null, null, null, "6666", null, null, "77"], "wit": ["seven", "three", "hey", "", "five", "what", "they", "seven", "", "seven"], "bing": ["X", "please", "X", "well", "X", "one", "X", "X", "X", "seven"], "sphinx_fil": [null, "8", "8", null, null, null, null, "8", null, "7"], "googleCloud_fil": [null, "33", "888", null, null, null, "6666", null, null, "77"], "wit_fil": ["77", "33", "8", null, "55", null, "8", "77", null, "77"], "ibm_fil": [null, "33", null, "44", null, "11", "8", null, null, "0"], "final": "73845167X7", "googleCloud": ["X", "three", "eight", "X", "X", "X", "six", "X", "X", "seven"]}