{"bing_fil": ["X", "X", "X", "X", "X", "1", "X", "X", "X", "7"], "google": ["X", "free", "X", "X", "X", "X", "sex", "X", "X", "7"], "sphinx": ["that and", "they have", "hey", "pull", "i am", "what", "dead", "then", "uh huh", "that in"], "ibm": ["that", "free", "X", "or", "X", "one", "they", "that", "X", "yeah"], "google_fil": ["X", "X", "X", "X", "X", "X", "X", "X", "X", "7"], "wit": ["seven", "three", "hey", "", "five", "what", "they", "seven", "", "seven"], "bing": ["X", "please", "X", "well", "X", "one", "X", "X", "X", "seven"], "sphinx_fil": ["X", "X", "X", "X", "X", "X", "X", "X", "X", "X"], "googleCloud_fil": ["X", "3", "8", "X", "X", "X", "6", "X", "X", "7"], "wit_fil": ["7", "3", "X", "X", "5", "X", "X", "7", "X", "7"], "ibm_fil": ["X", "X", "X", "X", "X", "1", "X", "X", "X", "X"], "final": "XXXXXXXXX7", "googleCloud": ["X", "three", "eight", "X", "X", "X", "six", "X", "X", "seven"]}