{"google": ["X", "free", "X", "X", "X", "X", "sex", "X", "X", "7"], "sphinx_fil": ["X", "X", "8", "X", "X", "X", "X", "X", "X", "X"], "wit": ["seven", "three", "hey", "", "five", "what", "they", "seven", "", "seven"], "time3": 3.6492199897766113, "time8": 3.0376479625701904, "time9": 2.3989710807800293, "time4": 2.4308691024780273, "time5": 3.742420196533203, "time6": 2.4024338722229004, "time7": 1.9050288200378418, "time0": 2.1839399337768555, "time1": 3.7775719165802, "time2": 1.7393088340759277, "googleCloud_fil": ["X", "3", "8", "X", "X", "X", "6", "X", "X", "7"], "final": "7384516767", "total_time": 27.58358407020569, "bing_fil": ["X", "X", "X", "X", "X", "1", "X", "X", "X", "7"], "houndify": ["seventh", "for free", "hey", "floor", "five", "what now", "say", "devon", "sex", "savan"], "wit_fil": ["7", "3", "8", "X", "5", "X", "8", "7", "X", "7"], "googleCloud": ["X", "three", "eight", "X", "X", "X", "six", "X", "X", "seven"], "sphinx": ["that and", "they have", "hey", "pull", "i am", "what", "dead", "then", "uh huh", "that in"], "ibm": ["that", "free", "X", "or", "X", "one", "they", "that", "X", "yeah"], "google_fil": ["X", "3", "X", "X", "X", "X", "6", "X", "X", "7"], "bing": ["X", "please", "X", "well", "X", "one", "X", "X", "X", "seven"], "ibm_fil": ["X", "3", "X", "4", "X", "1", "8", "X", "X", "0"], "houndify_fil": ["7", "3", "8", "X", "5", "X", "X", "X", "6", "X"]}