{"bing_fil": ["X", "X", "X", "X", "X", "X", "7", "X", "4", "X"], "google": ["X", "X", "X", "X", "9", "X", "X", "X", "X", "X"], "sphinx": ["good", "whoa", "good", "beg", "nothing", "what", "then", "they", "a war", "they have"], "ibm": ["we are", "or", "who", "that", "nine", "X", "that", "there", "or", "X"], "google_fil": ["X", "X", "X", "X", "9", "X", "X", "X", "X", "X"], "wit": ["", "four", "who", "", "nine", "i", "the", "six", "four", "eight"], "bing": ["yeah", "well", "X", "thanks", "X", "X", "seven", "sex", "four", "X"], "sphinx_fil": ["X", "X", "X", "X", "X", "X", "X", "X", "X", "X"], "googleCloud_fil": ["X", "X", "X", "X", "9", "X", "7", "X", "X", "X"], "wit_fil": ["X", "4", "X", "X", "9", "X", "X", "6", "4", "8"], "ibm_fil": ["X", "X", "X", "X", "9", "X", "X", "X", "X", "X"], "final": "XXXX9XXXXX", "googleCloud": ["X", "X", "X", "X", "nine", "X", "seven", "X", "X", "X"]}