{"google": ["X", "X", "X", "X", "9", "X", "X", "X", "X", "X"], "sphinx_fil": ["X", "X", "X", "X", "X", "X", "X", "8", "X", "X"], "wit": ["", "four", "who", "", "nine", "i", "the", "six", "four", "eight"], "time3": 1.9023258686065674, "time8": 2.1115121841430664, "time9": 2.067582130432129, "time4": 1.7864570617675781, "time5": 2.9524929523468018, "time6": 1.6095049381256104, "time7": 2.160506010055542, "time0": 2.4328980445861816, "time1": 2.622623920440674, "time2": 2.296725034713745, "googleCloud_fil": ["X", "X", "X", "X", "9", "X", "7", "X", "X", "X"], "final": "04269X7648", "total_time": 22.262959003448486, "bing_fil": ["0", "X", "X", "X", "X", "X", "7", "6", "4", "X"], "houndify": ["you know", "fore", "food", "x", "mine", "eighty eight", "bam", "vex", "fore", "hey"], "wit_fil": ["X", "4", "2", "X", "9", "X", "X", "6", "4", "8"], "googleCloud": ["X", "X", "X", "X", "nine", "X", "seven", "X", "X", "X"], "sphinx": ["good", "whoa", "good", "beg", "nothing", "what", "then", "they", "a war", "they have"], "ibm": ["we are", "or", "who", "that", "nine", "X", "that", "there", "or", "X"], "google_fil": ["X", "X", "X", "X", "9", "X", "X", "X", "X", "X"], "bing": ["yeah", "well", "X", "thanks", "X", "X", "seven", "sex", "four", "X"], "ibm_fil": ["X", "4", "2", "X", "9", "X", "X", "X", "4", "X"], "houndify_fil": ["0", "X", "X", "6", "9", "X", "X", "6", "X", "8"]}