{"bing_fil": ["0", "0", null, "666", null, null, "77", "6666", "44", null], "google": ["X", "X", "X", "X", "9", "X", "X", "X", "X", "X"], "sphinx": ["good", "whoa", "good", "beg", "nothing", "what", "then", "they", "a war", "they have"], "ibm": ["we are", "or", "who", "that", "nine", "X", "that", "there", "or", "X"], "google_fil": [null, null, null, null, "99", null, null, null, null, null], "wit": ["", "four", "who", "", "nine", "i", "the", "six", "four", "eight"], "bing": ["yeah", "well", "X", "thanks", "X", "X", "seven", "sex", "four", "X"], "sphinx_fil": [null, null, null, null, null, null, "8", "8", null, "8"], "googleCloud_fil": [null, null, null, null, "99", null, "77", null, null, null], "wit_fil": [null, "44", "22", null, "99", "59", null, "6666", "44", "888"], "ibm_fil": [null, "44", "22", null, "99", null, null, null, "44", null], "final": "0426957648", "googleCloud": ["X", "X", "X", "X", "nine", "X", "seven", "X", "X", "X"]}