{"bing_fil": ["8", "X", "0", "5", "X", "X", "1", "X", "X", "X"], "google": ["X", "X", "0", "5", "X", "0", "Lauren", "or", "X", "X"], "sphinx": ["eight", "do", "you're a", "well you", "they", "no", "wanted", "more", "done", "look"], "ibm": ["eight", "to", "you're", "prior", "they", "zero", "one", "or", "but when", "right"], "google_fil": ["X", "X", "0", "5", "X", "0", "X", "X", "X", "X"], "wit": ["", "two", "", "five", "eight", "well", "one", "four", "", ""], "bing": ["eight", "who", "zero", "five", "X", "X", "one", "or", "X", "sex"], "sphinx_fil": ["8", "X", "X", "X", "X", "X", "X", "X", "X", "X"], "googleCloud_fil": ["8", "X", "0", "5", "X", "0", "1", "4", "7", "X"], "wit_fil": ["X", "2", "X", "5", "8", "X", "1", "4", "X", "X"], "ibm_fil": ["8", "2", "X", "X", "X", "0", "1", "X", "X", "X"], "final": "8X05X01XXX", "googleCloud": ["eight", "X", "zero", "five", "X", "zero", "one", "four", "seven", "X"]}