{"google": ["X", "X", "0", "5", "X", "0", "Lauren", "or", "X", "X"], "sphinx_fil": ["8", "2", "X", "X", "8", "9", "X", "4", "1", "X"], "wit": ["", "two", "", "five", "eight", "well", "one", "four", "", ""], "time3": 2.27291202545166, "time8": 18.569717168807983, "time9": 2.7486770153045654, "time4": 1.8231730461120605, "time5": 2.553598165512085, "time6": 2.9880001544952393, "time7": 2.2275941371917725, "time0": 2.7772769927978516, "time1": 2.145528793334961, "time2": 1.794029951095581, "googleCloud_fil": ["8", "X", "0", "5", "X", "0", "1", "4", "7", "X"], "final": "8205801476", "total_time": 40.263484954833984, "bing_fil": ["8", "2", "0", "5", "X", "X", "1", "4", "X", "6"], "houndify": ["ate", "tu", "bureau", "the five", "hey", "zero", "wine", "por", "seven news", "sick"], "wit_fil": ["X", "2", "X", "5", "8", "X", "1", "4", "X", "X"], "googleCloud": ["eight", "X", "zero", "five", "X", "zero", "one", "four", "seven", "X"], "sphinx": ["eight", "do", "you're a", "well you", "they", "no", "wanted", "more", "done", "look"], "ibm": ["eight", "to", "you're", "prior", "they", "zero", "one", "or", "but when", "right"], "google_fil": ["X", "X", "0", "5", "X", "0", "X", "4", "X", "X"], "bing": ["eight", "who", "zero", "five", "X", "X", "one", "or", "X", "sex"], "ibm_fil": ["8", "2", "X", "X", "8", "0", "1", "4", "X", "X"], "houndify_fil": ["8", "X", "X", "5", "8", "0", "9", "X", "7", "6"]}