{"bing_fil": ["888", "22", "00", "55", null, null, "11", "44", null, "6666"], "google": ["X", "X", "0", "5", "X", "0", "Lauren", "or", "X", "X"], "sphinx": ["eight", "do", "you're a", "well you", "they", "no", "wanted", "more", "done", "look"], "ibm": ["eight", "to", "you're", "prior", "they", "zero", "one", "or", "but when", "right"], "google_fil": [null, null, "00", "55", null, "00", null, "44", null, null], "wit": ["", "two", "", "five", "eight", "well", "one", "four", "", ""], "bing": ["eight", "who", "zero", "five", "X", "X", "one", "or", "X", "sex"], "sphinx_fil": ["888", "2", null, null, "8", "9", null, "4", null, null], "googleCloud_fil": ["888", null, "00", "55", null, "00", "11", "44", "77", null], "wit_fil": [null, "22", null, "55", "888", "0", "11", "44", null, null], "ibm_fil": ["888", "22", null, null, "8", "00", "11", "44", null, null], "final": "8205801476", "googleCloud": ["eight", "X", "zero", "five", "X", "zero", "one", "four", "seven", "X"]}