{"bing_fil": ["2", "X", "X", "X", "X", "X", "8", "X", "7", "X"], "google": ["X", "7", "X", "X", "7", "sex", "X", "X", "7", "X"], "sphinx": ["hey lou", "at him", "you know", "the euro", "that thing", "they", "a", "he", "and then", "they"], "ibm": ["to", "her", "you know", "you're out", "that is", "there", "eight", "a", "seven", "it"], "google_fil": ["X", "7", "X", "X", "7", "X", "X", "X", "7", "X"], "wit": ["", "seven", "no", "yo", "seven", "there's", "hey", "hey", "seven", "hey"], "bing": ["two", "X", "X", "X", "X", "X", "eight", "X", "seven", "X"], "sphinx_fil": ["X", "X", "X", "X", "X", "X", "X", "X", "X", "X"], "googleCloud_fil": ["X", "7", "X", "0", "7", "6", "8", "8", "7", "X"], "wit_fil": ["X", "7", "X", "X", "7", "X", "X", "X", "7", "X"], "ibm_fil": ["2", "X", "X", "X", "X", "X", "8", "X", "7", "X"], "final": "X7XX7XXX7X", "googleCloud": ["X", "seven", "X", "zero", "seven", "six", "eight", "eight", "seven", "X"]}