{"bing_fil": ["22", null, null, null, null, null, "888", null, "77", null], "google": ["X", "7", "X", "X", "7", "sex", "X", "X", "7", "X"], "sphinx": ["hey lou", "at him", "you know", "the euro", "that thing", "they", "a", "he", "and then", "they"], "ibm": ["to", "her", "you know", "you're out", "that is", "there", "eight", "a", "seven", "it"], "google_fil": [null, "77", null, null, "77", "6666", null, null, "77", null], "wit": ["", "seven", "no", "yo", "seven", "there's", "hey", "hey", "seven", "hey"], "bing": ["two", "X", "X", "X", "X", "X", "eight", "X", "seven", "X"], "sphinx_fil": [null, null, "0", "0", null, "8", "8", null, null, "8"], "googleCloud_fil": [null, "77", null, "00", "77", "6666", "888", "888", "77", null], "wit_fil": [null, "77", "9", "0", "77", null, "8", "8", "77", "8"], "ibm_fil": ["22", null, "0", null, null, null, "888", "8", "77", "68"], "final": "2700768878", "googleCloud": ["X", "seven", "X", "zero", "seven", "six", "eight", "eight", "seven", "X"]}