{"google": ["X", "7", "X", "X", "7", "sex", "X", "X", "7", "X"], "houndify": ["tu", "heaven", "yo", "the route", "savan", "sex", "ate", "ate", "heaven", "hey"], "wit": ["", "seven", "no", "yo", "seven", "there's", "hey", "hey", "seven", "hey"], "time3": 1.6535871028900146, "time8": 2.2811429500579834, "time9": 1.5660121440887451, "time4": 2.1097629070281982, "time5": 3.1056158542633057, "time6": 1.377938985824585, "time7": 2.9535679817199707, "time0": 1.5808169841766357, "time1": 2.353684902191162, "time2": 1.5668420791625977, "googleCloud_fil": ["X", "7", "X", "0", "7", "6", "8", "8", "7", "X"], "final": "2700768878", "total_time": 21.059287071228027, "bing_fil": ["2", "X", "X", "X", "X", "X", "8", "X", "7", "X"], "sphinx_fil": ["X", "X", "0", "X", "X", "8", "8", "X", "X", "8"], "wit_fil": ["X", "7", "9", "0", "7", "X", "8", "8", "7", "8"], "googleCloud": ["X", "seven", "X", "zero", "seven", "six", "eight", "eight", "seven", "X"], "sphinx": ["hey lou", "at him", "you know", "the euro", "that thing", "they", "a", "he", "and then", "they"], "ibm": ["to", "her", "you know", "you're out", "that is", "there", "eight", "a", "seven", "it"], "google_fil": ["X", "7", "X", "X", "7", "6", "X", "X", "7", "X"], "bing": ["two", "X", "X", "X", "X", "X", "eight", "X", "seven", "X"], "ibm_fil": ["2", "X", "0", "X", "X", "X", "8", "8", "7", "8"], "houndify_fil": ["X", "7", "0", "X", "X", "6", "8", "8", "7", "8"]}