{"bing_fil": [null, null, "44", null, "00", "44", "22", "77", null, "22"], "google": ["X", "X", "4", "X", "X", "X", "X", "Saturday", "X", "X"], "sphinx": ["a", "i do", "no", "they own", "and you know", "the air", "two", "that man", "two", "i do"], "ibm": ["a", "you", "for", "you know", "zero", "or", "to", "that", "you", "to"], "google_fil": [null, null, "44", null, null, null, null, null, null, null], "wit": ["hey", "who", "four", "", "no", "four", "two", "", "", "two"], "bing": ["X", "X", "four", "halo", "zero", "four", "two", "seven", "X", "two"], "sphinx_fil": ["8", "2", "9", null, null, null, "22", null, "22", "2"], "googleCloud_fil": ["888", null, null, null, "00", "44", null, "77", null, null], "wit_fil": ["8", "22", "44", null, "9", "44", "22", null, null, "22"], "ibm_fil": ["8", "2", "44", "0", "00", "44", "22", null, "2", "22"], "final": "8240042722", "googleCloud": ["eight", "X", "X", "X", "zero", "four", "X", "seven", "X", "X"]}