{"bing_fil": ["X", "X", "4", "X", "0", "4", "2", "7", "X", "2"], "google": ["X", "X", "4", "X", "X", "X", "X", "Saturday", "X", "X"], "sphinx": ["a", "i do", "no", "they own", "and you know", "the air", "two", "that man", "two", "i do"], "ibm": ["a", "you", "for", "you know", "zero", "or", "to", "that", "you", "to"], "google_fil": ["X", "X", "4", "X", "X", "X", "X", "X", "X", "X"], "wit": ["hey", "who", "four", "", "no", "four", "two", "", "", "two"], "bing": ["X", "X", "four", "halo", "zero", "four", "two", "seven", "X", "two"], "sphinx_fil": ["X", "X", "X", "X", "X", "X", "2", "X", "2", "X"], "googleCloud_fil": ["8", "X", "X", "X", "0", "4", "X", "7", "X", "X"], "wit_fil": ["X", "X", "4", "X", "X", "4", "2", "X", "X", "2"], "ibm_fil": ["X", "X", "4", "X", "0", "X", "2", "X", "X", "2"], "final": "XX4XXX2XXX", "googleCloud": ["eight", "X", "X", "X", "zero", "four", "X", "seven", "X", "X"]}