{"google": ["X", "X", "4", "X", "X", "X", "X", "Saturday", "X", "X"], "sphinx_fil": ["8", "2", "9", "X", "X", "X", "2", "X", "2", "2"], "wit": ["hey", "who", "four", "", "no", "four", "two", "", "", "two"], "time3": 1.77681303024292, "time8": 2.47209095954895, "time9": 1.7531721591949463, "time4": 2.4335131645202637, "time5": 2.4825799465179443, "time6": 2.1166818141937256, "time7": 2.3524608612060547, "time0": 2.5363361835479736, "time1": 2.2190918922424316, "time2": 1.9657480716705322, "googleCloud_fil": ["8", "X", "X", "X", "0", "4", "X", "7", "X", "X"], "final": "8240042722", "total_time": 22.33782696723938, "bing_fil": ["X", "X", "4", "X", "0", "4", "2", "7", "X", "2"], "houndify": ["X", "X", "X", "X", "X", "X", "X", "X", "X", "X"], "wit_fil": ["8", "2", "4", "X", "9", "4", "2", "X", "X", "2"], "googleCloud": ["eight", "X", "X", "X", "zero", "four", "X", "seven", "X", "X"], "sphinx": ["a", "i do", "no", "they own", "and you know", "the air", "two", "that man", "two", "i do"], "ibm": ["a", "you", "for", "you know", "zero", "or", "to", "that", "you", "to"], "google_fil": ["X", "X", "4", "X", "X", "X", "X", "X", "X", "X"], "bing": ["X", "X", "four", "halo", "zero", "four", "two", "seven", "X", "two"], "ibm_fil": ["8", "X", "4", "0", "0", "4", "2", "X", "X", "2"], "houndify_fil": ["X", "X", "X", "X", "X", "X", "X", "X", "X", "X"]}