{"bing_fil": ["4", "X", "X", "X", "2", "8", "X", "3", "4", "1"], "google": ["call", "X", "X", "X", "2", "X", "fun", "3", "X", "1"], "sphinx": ["good", "good", "good", "bill", "i do", "they are", "why", "really", "they are", "lion"], "ibm": ["or", "X", "nine", "you", "to", "a", "one", "three", "or", "one"], "google_fil": ["X", "X", "X", "X", "2", "X", "X", "3", "X", "1"], "wit": ["", "okay", "hi", "", "two", "eight hundred", "one", "three", "", "one"], "bing": ["four", "X", "no", "X", "two", "eight", "fun", "three", "four", "one"], "sphinx_fil": ["X", "X", "X", "X", "X", "X", "X", "X", "X", "X"], "googleCloud_fil": ["4", "X", "X", "X", "2", "X", "1", "3", "4", "1"], "wit_fil": ["X", "X", "X", "X", "2", "X", "1", "3", "X", "1"], "ibm_fil": ["X", "X", "9", "X", "2", "X", "1", "3", "X", "1"], "final": "XXXX2XX3X1", "googleCloud": ["four", "X", "X", "X", "two", "X", "one", "three", "four", "one"]}