{"google": ["call", "X", "X", "X", "2", "X", "fun", "3", "X", "1"], "sphinx_fil": ["X", "X", "X", "0", "2", "X", "X", "X", "X", "X"], "wit": ["", "okay", "hi", "", "two", "eight hundred", "one", "three", "", "one"], "time3": 2.151148796081543, "time8": 2.073068141937256, "time9": 1.3589799404144287, "time4": 1.5441720485687256, "time5": 4.467182874679565, "time6": 3.3985748291015625, "time7": 1.6893579959869385, "time0": 2.4407708644866943, "time1": 1.808091163635254, "time2": 2.5130369663238525, "googleCloud_fil": ["4", "X", "X", "X", "2", "X", "1", "3", "4", "1"], "final": "4X90281341", "total_time": 23.69752597808838, "bing_fil": ["4", "X", "9", "X", "2", "8", "1", "3", "4", "1"], "houndify": ["X", "X", "X", "X", "X", "X", "X", "X", "X", "X"], "wit_fil": ["X", "X", "X", "X", "2", "1", "1", "3", "X", "1"], "googleCloud": ["four", "X", "X", "X", "two", "X", "one", "three", "four", "one"], "sphinx": ["good", "good", "good", "bill", "i do", "they are", "why", "really", "they are", "lion"], "ibm": ["or", "X", "nine", "you", "to", "a", "one", "three", "or", "one"], "google_fil": ["X", "X", "X", "X", "2", "X", "1", "3", "X", "1"], "bing": ["four", "X", "no", "X", "two", "eight", "fun", "three", "four", "one"], "ibm_fil": ["4", "X", "9", "X", "2", "8", "1", "3", "4", "1"], "houndify_fil": ["X", "X", "X", "X", "X", "X", "X", "X", "X", "X"]}