{"bing_fil": ["44", null, "9", null, "22", "888", "1", "33", "44", "11"], "google": ["call", "X", "X", "X", "2", "X", "fun", "3", "X", "1"], "sphinx": ["good", "good", "good", "bill", "i do", "they are", "why", "really", "they are", "lion"], "ibm": ["or", "X", "nine", "you", "to", "a", "one", "three", "or", "one"], "google_fil": [null, null, null, null, "22", null, "1", "33", null, "11"], "wit": ["", "okay", "hi", "", "two", "eight hundred", "one", "three", "", "one"], "bing": ["four", "X", "no", "X", "two", "eight", "fun", "three", "four", "one"], "sphinx_fil": [null, null, null, "0", "2", null, "5", "3", null, null], "googleCloud_fil": ["44", null, null, null, "22", null, "11", "33", "44", "11"], "wit_fil": [null, null, "59", null, "22", "8", "11", "33", null, "11"], "ibm_fil": ["44", null, "99", "2", "22", "8", "11", "33", "44", "11"], "final": "4X92281341", "googleCloud": ["four", "X", "X", "X", "two", "X", "one", "three", "four", "one"]}