{"bing_fil": ["X", "X", "9", "X", "7", "X", "4", "4", "1", "X"], "google": ["X", "Arrow", "X", "X", "7", "X", "X", "X", "1", "9"], "sphinx": ["head", "the o.", "nine", "yes", "then in", "i couldn't", "four", "good", "one", "dying"], "ibm": ["other", "there are", "nine", "there", "rather", "none", "for", "for", "one", "nine"], "google_fil": ["X", "X", "X", "X", "7", "X", "X", "X", "1", "9"], "wit": ["i have", "no", "nine", "yeah", "seven", "", "four", "four", "one", "nine"], "bing": ["hello", "hello", "nine", "yeah", "seven", "X", "four", "four", "one", "no"], "sphinx_fil": ["X", "X", "9", "X", "X", "X", "4", "X", "1", "X"], "googleCloud_fil": ["X", "X", "9", "X", "7", "X", "4", "X", "1", "9"], "wit_fil": ["X", "X", "9", "X", "7", "X", "4", "4", "1", "9"], "ibm_fil": ["X", "X", "9", "X", "X", "X", "4", "4", "1", "9"], "final": "XX9X7X4X19", "googleCloud": ["X", "Arrow", "nine", "X", "seven", "X", "four", "X", "one", "nine"]}