{"google": ["X", "Arrow", "X", "X", "7", "X", "X", "X", "1", "9"], "sphinx_fil": ["X", "X", "9", "X", "X", "X", "4", "X", "1", "X"], "wit": ["i have", "no", "nine", "yeah", "seven", "", "four", "four", "one", "nine"], "time3": 1.7898569107055664, "time8": 1.4511120319366455, "time9": 2.514094114303589, "time4": 2.701756000518799, "time5": 3.178450107574463, "time6": 1.9684829711914062, "time7": 2.492779016494751, "time0": 3.2834208011627197, "time1": 2.8801798820495605, "time2": 2.582362174987793, "googleCloud_fil": ["X", "0", "9", "X", "7", "X", "4", "X", "1", "9"], "final": "0090714419", "total_time": 25.14882183074951, "bing_fil": ["0", "0", "9", "0", "7", "X", "4", "4", "1", "9"], "houndify": ["", "the arrow", "ninth", "biro", "seven up", "and", "fore", "fore", "wine", "it's nine"], "wit_fil": ["X", "9", "9", "0", "7", "X", "4", "4", "1", "9"], "googleCloud": ["X", "Arrow", "nine", "X", "seven", "X", "four", "X", "one", "nine"], "sphinx": ["head", "the o.", "nine", "yes", "then in", "i couldn't", "four", "good", "one", "dying"], "ibm": ["other", "there are", "nine", "there", "rather", "none", "for", "for", "one", "nine"], "google_fil": ["X", "0", "X", "X", "7", "X", "X", "X", "1", "9"], "bing": ["hello", "hello", "nine", "yeah", "seven", "X", "four", "four", "one", "no"], "ibm_fil": ["X", "X", "9", "X", "X", "1", "4", "4", "1", "9"], "houndify_fil": ["X", "X", "X", "X", "7", "X", "X", "X", "9", "9"]}