{"bing_fil": ["20", "20", "99", "0", "77", null, "44", "44", "11", "9"], "google": ["X", "Arrow", "X", "X", "7", "X", "X", "X", "1", "9"], "sphinx": ["head", "the o.", "nine", "yes", "then in", "i couldn't", "four", "good", "one", "dying"], "ibm": ["other", "there are", "nine", "there", "rather", "none", "for", "for", "one", "nine"], "google_fil": [null, "0", null, null, "77", null, null, null, "11", "99"], "wit": ["i have", "no", "nine", "yeah", "seven", "", "four", "four", "one", "nine"], "bing": ["hello", "hello", "nine", "yeah", "seven", "X", "four", "four", "one", "no"], "sphinx_fil": [null, "00", "99", null, null, null, "44", null, "11", null], "googleCloud_fil": [null, "0", "99", null, "77", null, "44", null, "11", "99"], "wit_fil": [null, "9", "99", "0", "77", null, "44", "44", "11", "99"], "ibm_fil": [null, null, "99", null, null, "9", "44", "44", "11", "99"], "final": "2090794419", "googleCloud": ["X", "Arrow", "nine", "X", "seven", "X", "four", "X", "one", "nine"]}