{"bing_fil": ["9", "9", "X", "X", "X", "X", "0", "X", "1", "X"], "google": ["X", "9", "1", "weather", "X", "X", "0", "X", "X", "X"], "sphinx": ["none", "nine", "why are you", "whether", "why", "they do", "do you know", "the guy", "one", "i did"], "ibm": ["nine", "nine", "why", "that", "are", "it", "zero", "I", "one", "X"], "google_fil": ["X", "9", "1", "X", "X", "X", "0", "X", "X", "X"], "wit": ["nine", "nine", "one", "seven", "buy", "six", "zero", "hi", "one", "we"], "bing": ["nine", "nine", "X", "X", "X", "X", "zero", "i", "one", "X"], "sphinx_fil": ["X", "9", "X", "X", "X", "X", "X", "X", "1", "X"], "googleCloud_fil": ["9", "9", "1", "7", "X", "X", "0", "X", "X", "X"], "wit_fil": ["9", "9", "1", "7", "X", "6", "0", "X", "1", "X"], "ibm_fil": ["9", "9", "X", "X", "X", "X", "0", "X", "1", "X"], "final": "991XXX0X1X", "googleCloud": ["nine", "nine", "one", "seven", "X", "X", "zero", "X", "X", "X"]}