{"bing_fil": ["99", "99", null, null, null, null, "00", "59", "11", null], "google": ["X", "9", "1", "weather", "X", "X", "0", "X", "X", "X"], "sphinx": ["none", "nine", "why are you", "whether", "why", "they do", "do you know", "the guy", "one", "i did"], "ibm": ["nine", "nine", "why", "that", "are", "it", "zero", "I", "one", "X"], "google_fil": [null, "99", "11", "7", null, null, "00", null, null, null], "wit": ["nine", "nine", "one", "seven", "buy", "six", "zero", "hi", "one", "we"], "bing": ["nine", "nine", "X", "X", "X", "X", "zero", "i", "one", "X"], "sphinx_fil": ["9", "99", null, null, "5", "2", null, null, "11", null], "googleCloud_fil": ["99", "99", "11", "77", null, null, "00", null, null, null], "wit_fil": ["99", "99", "11", "77", "59", "6666", "00", "59", "11", "33"], "ibm_fil": ["99", "99", "5", null, null, "68", "00", "59", "11", null], "final": "9917560513", "googleCloud": ["nine", "nine", "one", "seven", "X", "X", "zero", "X", "X", "X"]}