{"google": ["X", "9", "1", "weather", "X", "X", "0", "X", "X", "X"], "sphinx_fil": ["1", "9", "X", "X", "X", "2", "X", "X", "1", "X"], "wit": ["nine", "nine", "one", "seven", "buy", "six", "zero", "hi", "one", "we"], "time3": 2.0850560665130615, "time8": 2.4286000728607178, "time9": 1.8345038890838623, "time4": 2.266227960586548, "time5": 3.2192928791046143, "time6": 3.4886770248413086, "time7": 3.6078970432281494, "time0": 2.0319929122924805, "time1": 1.4912841320037842, "time2": 2.229968786239624, "googleCloud_fil": ["9", "9", "1", "7", "X", "X", "0", "X", "X", "X"], "final": "9917X60X1X", "total_time": 24.865800142288208, "bing_fil": ["9", "9", "X", "X", "X", "X", "0", "X", "1", "X"], "houndify": ["X", "X", "X", "X", "X", "X", "X", "X", "X", "X"], "wit_fil": ["9", "9", "1", "7", "X", "6", "0", "X", "1", "X"], "googleCloud": ["nine", "nine", "one", "seven", "X", "X", "zero", "X", "X", "X"], "sphinx": ["none", "nine", "why are you", "whether", "why", "they do", "do you know", "the guy", "one", "i did"], "ibm": ["nine", "nine", "why", "that", "are", "it", "zero", "I", "one", "X"], "google_fil": ["X", "9", "1", "X", "X", "X", "0", "X", "X", "X"], "bing": ["nine", "nine", "X", "X", "X", "X", "zero", "i", "one", "X"], "ibm_fil": ["9", "9", "X", "X", "X", "8", "0", "X", "1", "X"], "houndify_fil": ["X", "X", "X", "X", "X", "X", "X", "X", "X", "X"]}