{"bing_fil": [null, "11", "8", "22", "77", null, "11", "68", "22", "4"], "google": ["X", "X", "X", "X", "7", "X", "X", "X", "X", "fun"], "sphinx": ["the man", "what", "at a", "i do", "letter", "then", "one", "good", "two", "why"], "ibm": ["free", "one", "X", "to", "the other", "X", "what", "X", "to", "one"], "google_fil": [null, null, null, null, "77", null, null, null, null, "1"], "wit": ["three", "one", "", "who", "seven", "", "one", "", "two", "one"], "bing": ["X", "one", "hey", "two", "seven", "X", "one", "it", "two", "porn"], "sphinx_fil": [null, null, null, "2", null, "8", "11", null, "22", "5"], "googleCloud_fil": [null, null, null, "22", "77", null, null, "888", null, "11"], "wit_fil": ["33", "11", null, "22", "77", null, "11", null, "22", "11"], "ibm_fil": ["33", "11", null, "22", null, null, null, null, "22", "11"], "final": "3182781821", "googleCloud": ["X", "X", "X", "two", "seven", "X", "X", "eight", "X", "one"]}