{"google": ["X", "X", "X", "X", "7", "X", "X", "X", "X", "fun"], "sphinx_fil": ["X", "X", "X", "2", "X", "X", "1", "X", "2", "X"], "wit": ["three", "one", "", "who", "seven", "", "one", "", "two", "one"], "time3": 2.367138147354126, "time8": 1.7126140594482422, "time9": 2.24704909324646, "time4": 2.2467761039733887, "time5": 2.922616958618164, "time6": 2.6049461364746094, "time7": 2.593339204788208, "time0": 3.022416114807129, "time1": 2.0906031131744385, "time2": 3.250231981277466, "googleCloud_fil": ["X", "X", "X", "2", "7", "X", "X", "8", "X", "1"], "final": "3182771821", "total_time": 25.50041890144348, "bing_fil": ["X", "1", "8", "2", "7", "X", "1", "8", "2", "X"], "houndify": ["iiii", "won", "hey", "tu", "savan", "seven", "juan", "stay", "tu", "wine"], "wit_fil": ["3", "1", "X", "2", "7", "X", "1", "X", "2", "1"], "googleCloud": ["X", "X", "X", "two", "seven", "X", "X", "eight", "X", "one"], "sphinx": ["the man", "what", "at a", "i do", "letter", "then", "one", "good", "two", "why"], "ibm": ["free", "one", "X", "to", "the other", "X", "what", "X", "to", "one"], "google_fil": ["X", "X", "X", "X", "7", "X", "X", "X", "X", "1"], "bing": ["X", "one", "hey", "two", "seven", "X", "one", "it", "two", "porn"], "ibm_fil": ["3", "1", "X", "2", "X", "X", "X", "X", "2", "1"], "houndify_fil": ["X", "X", "8", "X", "X", "7", "1", "X", "X", "9"]}