{"bing_fil": ["X", "1", "X", "2", "7", "X", "1", "X", "2", "X"], "google": ["X", "X", "X", "X", "7", "X", "X", "X", "X", "fun"], "sphinx": ["the man", "what", "at a", "i do", "letter", "then", "one", "good", "two", "why"], "ibm": ["free", "one", "X", "to", "the other", "X", "what", "X", "to", "one"], "google_fil": ["X", "X", "X", "X", "7", "X", "X", "X", "X", "X"], "wit": ["three", "one", "", "who", "seven", "", "one", "", "two", "one"], "bing": ["X", "one", "hey", "two", "seven", "X", "one", "it", "two", "porn"], "sphinx_fil": ["X", "X", "X", "X", "X", "X", "1", "X", "2", "X"], "googleCloud_fil": ["X", "X", "X", "2", "7", "X", "X", "8", "X", "1"], "wit_fil": ["3", "1", "X", "X", "7", "X", "1", "X", "2", "1"], "ibm_fil": ["X", "1", "X", "2", "X", "X", "X", "X", "2", "1"], "final": "XXXX7XXX2X", "googleCloud": ["X", "X", "X", "two", "seven", "X", "X", "eight", "X", "one"]}