{"bing_fil": ["0", "2", "X", "X", "4", "X", "X", "X", "4", "X"], "google": ["0", "X", "6", "X", "X", "X", "X", "X", "X", "X"], "sphinx": ["and you know", "i do", "good", "it would", "they are", "no i", "they", "that you", "well", "whew"], "ibm": ["zero", "to", "they", "it", "or", "or", "a", "that", "for", "through"], "google_fil": ["0", "X", "6", "X", "X", "X", "X", "X", "X", "X"], "wit": ["zero", "two", "", "", "four", "or", "hey", "okay", "four", ""], "bing": ["zero", "two", "sex", "dick", "four", "or", "A", "sex", "four", "free"], "sphinx_fil": ["X", "X", "X", "X", "X", "X", "X", "X", "X", "X"], "googleCloud_fil": ["0", "2", "6", "X", "4", "X", "8", "X", "4", "3"], "wit_fil": ["0", "2", "X", "X", "4", "X", "X", "X", "4", "X"], "ibm_fil": ["0", "2", "X", "X", "X", "X", "X", "X", "4", "X"], "final": "02XXXXXX4X", "googleCloud": ["zero", "two", "six", "X", "four", "X", "eight", "X", "four", "three"]}