{"google": ["0", "X", "6", "X", "X", "X", "X", "X", "X", "X"], "sphinx_fil": ["X", "2", "X", "X", "X", "9", "8", "X", "X", "2"], "wit": ["zero", "two", "", "", "four", "or", "hey", "okay", "four", ""], "time3": 3.0565481185913086, "time8": 2.9229869842529297, "time9": 1.9223978519439697, "time4": 1.8164300918579102, "time5": 1.8972609043121338, "time6": 3.153057098388672, "time7": 2.3182008266448975, "time0": 3.072256088256836, "time1": 2.0978569984436035, "time2": 2.740262031555176, "googleCloud_fil": ["0", "2", "6", "X", "4", "X", "8", "X", "4", "3"], "final": "0266448643", "total_time": 25.294586896896362, "bing_fil": ["0", "2", "6", "6", "4", "4", "8", "6", "4", "3"], "houndify": ["X", "X", "X", "X", "X", "X", "X", "X", "X", "X"], "wit_fil": ["0", "2", "X", "X", "4", "4", "8", "X", "4", "X"], "googleCloud": ["zero", "two", "six", "X", "four", "X", "eight", "X", "four", "three"], "sphinx": ["and you know", "i do", "good", "it would", "they are", "no i", "they", "that you", "well", "whew"], "ibm": ["zero", "to", "they", "it", "or", "or", "a", "that", "for", "through"], "google_fil": ["0", "X", "6", "X", "X", "X", "X", "X", "X", "X"], "bing": ["zero", "two", "sex", "dick", "four", "or", "A", "sex", "four", "free"], "ibm_fil": ["0", "2", "8", "8", "4", "4", "8", "X", "4", "X"], "houndify_fil": ["X", "X", "X", "X", "X", "X", "X", "X", "X", "X"]}