{"bing_fil": ["00", "22", "6666", "6", "44", "44", "8", "6666", "44", "33"], "google": ["0", "X", "6", "X", "X", "X", "X", "X", "X", "X"], "sphinx": ["and you know", "i do", "good", "it would", "they are", "no i", "they", "that you", "well", "whew"], "ibm": ["zero", "to", "they", "it", "or", "or", "a", "that", "for", "through"], "google_fil": ["00", null, "6666", null, null, null, null, null, null, null], "wit": ["zero", "two", "", "", "four", "or", "hey", "okay", "four", ""], "bing": ["zero", "two", "sex", "dick", "four", "or", "A", "sex", "four", "free"], "sphinx_fil": [null, "2", null, null, null, "9", "8", null, "0", "2"], "googleCloud_fil": ["00", "22", "6666", null, "44", null, "888", null, "44", "33"], "wit_fil": ["00", "22", null, null, "44", "44", "8", null, "44", null], "ibm_fil": ["00", "22", "8", "68", "44", "44", "8", null, "44", null], "final": "0266448643", "googleCloud": ["zero", "two", "six", "X", "four", "X", "eight", "X", "four", "three"]}