{"google": ["X", "X", "5", "line", "X", "X", "X", "X", "X", "X"], "sphinx_fil": ["X", "8", "9", "X", "9", "1", "X", "X", "X", "8"], "wit": ["four", "", "five", "nine", "nine", "", "seven", "three", "four", ""], "time3": 1.7161870002746582, "time8": 2.307443141937256, "time9": 1.999845027923584, "time4": 1.5222840309143066, "time5": 3.085249185562134, "time6": 2.41195011138916, "time7": 2.0820071697235107, "time0": 2.592655897140503, "time1": 3.722799062728882, "time2": 1.9178030490875244, "googleCloud_fil": ["X", "X", "5", "9", "X", "8", "7", "3", "X", "X"], "final": "4859987348", "total_time": 23.804522037506104, "bing_fil": ["X", "6", "X", "X", "X", "8", "X", "3", "X", "8"], "houndify": ["X", "X", "X", "X", "X", "X", "X", "X", "X"], "wit_fil": ["4", "X", "5", "9", "9", "X", "7", "3", "4", "X"], "googleCloud": ["X", "X", "five", "nine", "X", "eight", "seven", "three", "X", "X"], "sphinx": ["the lawyer", "hey", "brian", "nah n.", "brian", "let one", "the other", "really", "and", "eight"], "ibm": ["or", "right", "why", "I", "nine", "X", "X", "re", "or", "eight"], "google_fil": ["X", "X", "5", "9", "X", "X", "X", "X", "X", "X"], "bing": ["porn", "sex", "X", "X", "X", "eight", "X", "three", "porn", "eight"], "ibm_fil": ["4", "X", "X", "X", "9", "X", "X", "X", "4", "8"], "houndify_fil": ["X", "X", "X", "X", "X", "X", "X", "X", "X"]}