{"bing_fil": ["4", "6666", null, null, null, "888", null, "33", "4", "888"], "google": ["X", "X", "5", "line", "X", "X", "X", "X", "X", "X"], "sphinx": ["the lawyer", "hey", "brian", "nah n.", "brian", "let one", "the other", "really", "and", "eight"], "ibm": ["or", "right", "why", "I", "nine", "X", "X", "re", "or", "eight"], "google_fil": [null, null, "55", "9", null, null, null, null, null, null], "wit": ["four", "", "five", "nine", "nine", "", "seven", "three", "four", ""], "bing": ["porn", "sex", "X", "X", "X", "eight", "X", "three", "porn", "eight"], "sphinx_fil": [null, "8", "9", null, "9", null, null, "3", null, "888"], "googleCloud_fil": [null, null, "55", "99", null, "888", "77", "33", null, null], "wit_fil": ["44", null, "55", "99", "99", null, "77", "33", "44", null], "ibm_fil": ["44", null, "5", "59", "99", null, null, null, "44", "888"], "final": "4659987348", "googleCloud": ["X", "X", "five", "nine", "X", "eight", "seven", "three", "X", "X"]}