{"bing_fil": ["X", "X", "X", "X", "X", "8", "X", "3", "X", "8"], "google": ["X", "X", "5", "line", "X", "X", "X", "X", "X", "X"], "sphinx": ["the lawyer", "hey", "brian", "nah n.", "brian", "let one", "the other", "really", "and", "eight"], "ibm": ["or", "right", "why", "I", "nine", "X", "X", "re", "or", "eight"], "google_fil": ["X", "X", "5", "X", "X", "X", "X", "X", "X", "X"], "wit": ["four", "", "five", "nine", "nine", "", "seven", "three", "four", ""], "bing": ["porn", "sex", "X", "X", "X", "eight", "X", "three", "porn", "eight"], "sphinx_fil": ["X", "X", "X", "X", "X", "X", "X", "X", "X", "8"], "googleCloud_fil": ["X", "X", "5", "9", "X", "8", "7", "3", "X", "X"], "wit_fil": ["4", "X", "5", "9", "9", "X", "7", "3", "4", "X"], "ibm_fil": ["X", "X", "X", "X", "9", "X", "X", "X", "X", "8"], "final": "XX5XXXXXXX", "googleCloud": ["X", "X", "five", "nine", "X", "eight", "seven", "three", "X", "X"]}