{"google": ["X", "cousin", "3", "X", "X", "X", "8", "X", "X", "X"], "sphinx_fil": ["X", "X", "8", "X", "X", "X", "X", "X", "0", "X"], "wit": ["", "", "hey", "two", "", "", "", "thank", "no", "three"], "time3": 2.075723886489868, "time8": 2.574718952178955, "time9": 4.207581043243408, "time4": 3.1758291721343994, "time5": 3.0237698554992676, "time6": 4.356796979904175, "time7": 3.025623083114624, "time0": 3.901080846786499, "time1": 3.1340138912200928, "time2": 2.3481249809265137, "googleCloud_fil": ["X", "7", "3", "2", "2", "X", "8", "6", "X", "3"], "final": "6732268603", "total_time": 32.12148189544678, "bing_fil": ["6", "7", "3", "X", "X", "6", "8", "X", "X", "3"], "houndify": ["six", "heaven", "thirty", "tu", "tu", "six", "see", "sixx", "", "two three"], "wit_fil": ["X", "X", "8", "2", "X", "X", "X", "X", "9", "3"], "googleCloud": ["X", "seven", "three", "two", "two", "X", "eight", "six", "X", "three"], "sphinx": ["and no", "and then", "hey", "hey you", "good", "good", "good", "the", "bill", "why"], "ibm": ["Rick", "seven", "very", "to", "to", "it", "a", "I think", "you know", "great"], "google_fil": ["X", "X", "3", "X", "X", "X", "8", "X", "X", "X"], "bing": ["sex", "seven", "three", "X", "cool", "sex", "eight", "thanks", "dental", "three"], "ibm_fil": ["6", "7", "3", "2", "2", "8", "8", "X", "0", "X"], "houndify_fil": ["6", "7", "X", "X", "X", "6", "3", "6", "X", "3"]}