{"bing_fil": ["6666", "77", "33", null, null, "6666", "888", "666", null, "33"], "google": ["X", "cousin", "3", "X", "X", "X", "8", "X", "X", "X"], "sphinx": ["and no", "and then", "hey", "hey you", "good", "good", "good", "the", "bill", "why"], "ibm": ["Rick", "seven", "very", "to", "to", "it", "a", "I think", "you know", "great"], "google_fil": [null, null, "33", null, null, null, "888", null, null, null], "wit": ["", "", "hey", "two", "", "", "", "thank", "no", "three"], "bing": ["sex", "seven", "three", "X", "cool", "sex", "eight", "thanks", "dental", "three"], "sphinx_fil": [null, null, "8", null, null, null, null, null, "0", "5"], "googleCloud_fil": [null, "77", "33", "22", "22", null, "888", "6666", null, "33"], "wit_fil": [null, null, "8", "22", null, null, null, "6", "9", "33"], "ibm_fil": ["6", "77", "3", "22", "22", "68", "8", null, "0", null], "final": "6732268603", "googleCloud": ["X", "seven", "three", "two", "two", "X", "eight", "six", "X", "three"]}