{"bing_fil": ["X", "7", "3", "X", "X", "X", "8", "X", "X", "3"], "google": ["X", "cousin", "3", "X", "X", "X", "8", "X", "X", "X"], "sphinx": ["and no", "and then", "hey", "hey you", "good", "good", "good", "the", "bill", "why"], "ibm": ["Rick", "seven", "very", "to", "to", "it", "a", "I think", "you know", "great"], "google_fil": ["X", "X", "3", "X", "X", "X", "8", "X", "X", "X"], "wit": ["", "", "hey", "two", "", "", "", "thank", "no", "three"], "bing": ["sex", "seven", "three", "X", "cool", "sex", "eight", "thanks", "dental", "three"], "sphinx_fil": ["X", "X", "X", "X", "X", "X", "X", "X", "X", "X"], "googleCloud_fil": ["X", "7", "3", "2", "2", "X", "8", "6", "X", "3"], "wit_fil": ["X", "X", "X", "2", "X", "X", "X", "X", "X", "3"], "ibm_fil": ["X", "7", "X", "2", "2", "X", "X", "X", "X", "X"], "final": "XX3XXX8XXX", "googleCloud": ["X", "seven", "three", "two", "two", "X", "eight", "six", "X", "three"]}