{"google": ["X", "X", "X", "X", "X", "3", "X", "X", "X", "3"], "sphinx_fil": ["X", "8", "X", "8", "X", "X", "X", "1", "X", "X"], "wit": ["set", "", "five", "hey", "three", "three", "one", "one", "hello", "three"], "time3": 2.960477113723755, "time8": 2.931175947189331, "time9": 3.4002161026000977, "time4": 2.1078171730041504, "time5": 1.9628658294677734, "time6": 2.686307907104492, "time7": 1.5311839580535889, "time0": 3.308974027633667, "time1": 3.6868679523468018, "time2": 3.2265548706054688, "googleCloud_fil": ["X", "X", "X", "8", "3", "3", "1", "X", "X", "3"], "final": "6858331193", "total_time": 28.187053203582764, "bing_fil": ["6", "8", "5", "8", "3", "3", "1", "X", "9", "3"], "houndify": ["sex", "ate", "five days", "ay", "truth", "iiii", "who won", "wanna", "nine one one", "iiii"], "wit_fil": ["6", "X", "5", "8", "3", "3", "1", "1", "0", "3"], "googleCloud": ["X", "X", "X", "eight", "three", "three", "one", "X", "X", "three"], "sphinx": ["good", "a", "bother you", "they", "the", "hurry", "was it", "juan", "god and", "great"], "ibm": ["X", "a", "by", "eight", "three", "every", "one", "one", "nine", "three"], "google_fil": ["X", "X", "X", "X", "X", "3", "X", "X", "X", "3"], "bing": ["sex", "A", "five", "eight", "three", "three", "one", "want", "nine", "three"], "ibm_fil": ["X", "8", "X", "8", "3", "X", "1", "1", "9", "3"], "houndify_fil": ["6", "8", "5", "X", "X", "X", "X", "X", "1", "X"]}