{"bing_fil": ["X", "X", "5", "8", "3", "3", "1", "X", "9", "3"], "google": ["X", "X", "X", "X", "X", "3", "X", "X", "X", "3"], "sphinx": ["good", "a", "bother you", "they", "the", "hurry", "was it", "juan", "god and", "great"], "ibm": ["X", "a", "by", "eight", "three", "every", "one", "one", "nine", "three"], "google_fil": ["X", "X", "X", "X", "X", "3", "X", "X", "X", "3"], "wit": ["set", "", "five", "hey", "three", "three", "one", "one", "hello", "three"], "bing": ["sex", "A", "five", "eight", "three", "three", "one", "want", "nine", "three"], "sphinx_fil": ["X", "X", "X", "X", "X", "X", "X", "X", "X", "X"], "googleCloud_fil": ["X", "X", "X", "8", "3", "3", "1", "X", "X", "3"], "wit_fil": ["X", "X", "5", "X", "3", "3", "1", "1", "X", "3"], "ibm_fil": ["X", "X", "X", "8", "3", "X", "1", "1", "9", "3"], "final": "XXXX331XX3", "googleCloud": ["X", "X", "X", "eight", "three", "three", "one", "X", "X", "three"]}