{"bing_fil": ["6666", "8", "55", "888", "33", "33", "11", null, "99", "33"], "google": ["X", "X", "X", "X", "X", "3", "X", "X", "X", "3"], "sphinx": ["good", "a", "bother you", "they", "the", "hurry", "was it", "juan", "god and", "great"], "ibm": ["X", "a", "by", "eight", "three", "every", "one", "one", "nine", "three"], "google_fil": [null, null, null, null, null, "33", null, null, null, "33"], "wit": ["set", "", "five", "hey", "three", "three", "one", "one", "hello", "three"], "bing": ["sex", "A", "five", "eight", "three", "three", "one", "want", "nine", "three"], "sphinx_fil": [null, "8", null, "8", null, "3", null, "1", null, null], "googleCloud_fil": [null, null, null, "888", "33", "33", "11", null, null, "33"], "wit_fil": ["6666", null, "55", "8", "33", "33", "11", "11", "20", "33"], "ibm_fil": [null, "8", "59", "888", "33", null, "11", "11", "99", "33"], "final": "6858331193", "googleCloud": ["X", "X", "X", "eight", "three", "three", "one", "X", "X", "three"]}