{"bing_fil": [null, null, "59", "99", null, "00", "77", "55", null, "77"], "google": ["X", "X", "5", "X", "X", "0", "X", "5", "X", "7"], "sphinx": ["a", "the family", "i have", "knowing", "oh", "and you know", "and", "bye", "are you", "well then"], "ibm": ["X", "three", "by", "nine", "or", "you know", "seven", "I", "are you", "better"], "google_fil": [null, null, "55", null, null, "00", null, "55", null, "77"], "wit": ["", "three", "buy", "nine", "four", "no", "seven", "five", "five", "seven"], "bing": ["X", "great", "bye", "nine", "X", "zero", "seven", "five", "are you", "seven"], "sphinx_fil": ["8", null, null, null, null, null, null, "59", null, null], "googleCloud_fil": [null, "33", "55", "99", null, "00", "77", "55", "55", "77"], "wit_fil": [null, "33", "59", "99", "44", "9", "77", "55", "55", "77"], "ibm_fil": [null, "33", "59", "99", "44", "0", "77", "59", null, null], "final": "8359407557", "googleCloud": ["X", "three", "five", "nine", "X", "zero", "seven", "five", "five", "seven"]}