{"google": ["X", "X", "5", "X", "X", "0", "X", "5", "X", "7"], "sphinx_fil": ["8", "X", "X", "X", "X", "X", "X", "X", "X", "X"], "wit": ["", "three", "buy", "nine", "four", "no", "seven", "five", "five", "seven"], "time3": 2.1451289653778076, "time8": 2.217437982559204, "time9": 2.190432071685791, "time4": 6.478974103927612, "time5": 2.353541135787964, "time6": 2.1408369541168213, "time7": 1.8893640041351318, "time0": 1.6651339530944824, "time1": 2.3433032035827637, "time2": 2.611150026321411, "googleCloud_fil": ["X", "3", "5", "9", "X", "0", "7", "5", "5", "7"], "final": "8359407557", "total_time": 26.3736629486084, "bing_fil": ["X", "X", "X", "9", "X", "0", "7", "5", "X", "7"], "houndify": ["eighty eight", "the three", "bye", "nine news", "or", "zero", "sevan", "fiv", "the five", "sevan"], "wit_fil": ["X", "3", "X", "9", "4", "9", "7", "5", "5", "7"], "googleCloud": ["X", "three", "five", "nine", "X", "zero", "seven", "five", "five", "seven"], "sphinx": ["a", "the family", "i have", "knowing", "oh", "and you know", "and", "bye", "are you", "well then"], "ibm": ["X", "three", "by", "nine", "or", "you know", "seven", "I", "are you", "better"], "google_fil": ["X", "X", "5", "X", "X", "0", "X", "5", "X", "7"], "bing": ["X", "great", "bye", "nine", "X", "zero", "seven", "five", "are you", "seven"], "ibm_fil": ["X", "3", "X", "9", "4", "0", "7", "X", "X", "X"], "houndify_fil": ["X", "3", "X", "9", "4", "0", "X", "X", "5", "X"]}