{"bing_fil": ["X", "X", "X", "9", "X", "0", "7", "5", "X", "7"], "google": ["X", "X", "5", "X", "X", "0", "X", "5", "X", "7"], "sphinx": ["a", "the family", "i have", "knowing", "oh", "and you know", "and", "bye", "are you", "well then"], "ibm": ["X", "three", "by", "nine", "or", "you know", "seven", "I", "are you", "better"], "google_fil": ["X", "X", "5", "X", "X", "0", "X", "5", "X", "7"], "wit": ["", "three", "buy", "nine", "four", "no", "seven", "five", "five", "seven"], "bing": ["X", "great", "bye", "nine", "X", "zero", "seven", "five", "are you", "seven"], "sphinx_fil": ["X", "X", "X", "X", "X", "X", "X", "X", "X", "X"], "googleCloud_fil": ["X", "3", "5", "9", "X", "0", "7", "5", "5", "7"], "wit_fil": ["X", "3", "X", "9", "4", "X", "7", "5", "5", "7"], "ibm_fil": ["X", "3", "X", "9", "X", "X", "7", "X", "X", "X"], "final": "XXX9X075X7", "googleCloud": ["X", "three", "five", "nine", "X", "zero", "seven", "five", "five", "seven"]}