{"bing_fil": ["X", "1", "X", "2", "7", "X", "X", "X", "X", "X"], "google": ["X", "1", "X", "X", "X", "X", "X", "X", "X", "X"], "sphinx": ["well", "then", "they who", "do", "the", "to", "i do", "you know", "good", "lou"], "ibm": ["zero", "one", "X", "to", "that", "so", "to", "eight", "who", "who"], "google_fil": ["X", "1", "X", "X", "X", "X", "X", "X", "X", "X"], "wit": ["hello", "one", "", "hello", "hello", "who", "", "", "hello", "when"], "bing": ["X", "one", "X", "two", "seven", "X", "X", "X", "X", "who"], "sphinx_fil": ["X", "X", "X", "X", "X", "2", "X", "X", "X", "X"], "googleCloud_fil": ["0", "1", "6", "X", "X", "2", "X", "X", "2", "X"], "wit_fil": ["X", "1", "X", "X", "X", "X", "X", "X", "X", "X"], "ibm_fil": ["0", "1", "X", "2", "X", "X", "2", "8", "X", "X"], "final": "X1XXXXXXXX", "googleCloud": ["zero", "one", "six", "X", "X", "two", "X", "X", "two", "X"]}