{"bing_fil": [null, "11", null, "22", "77", null, null, null, null, "22"], "google": ["X", "1", "X", "X", "X", "X", "X", "X", "X", "X"], "sphinx": ["well", "then", "they who", "do", "the", "to", "i do", "you know", "good", "lou"], "ibm": ["zero", "one", "X", "to", "that", "so", "to", "eight", "who", "who"], "google_fil": [null, "11", null, null, null, null, null, null, null, null], "wit": ["hello", "one", "", "hello", "hello", "who", "", "", "hello", "when"], "bing": ["X", "one", "X", "two", "seven", "X", "X", "X", "X", "who"], "sphinx_fil": ["0", "8", null, "2", null, "22", "2", "0", null, "2"], "googleCloud_fil": ["00", "11", "6666", null, null, "22", null, null, "22", null], "wit_fil": ["20", "11", null, "20", "20", "22", null, null, "20", null], "ibm_fil": ["00", "11", null, "22", null, "2", "22", "888", "22", "22"], "final": "0162722822", "googleCloud": ["zero", "one", "six", "X", "X", "two", "X", "X", "two", "X"]}