{"google": ["X", "1", "X", "X", "X", "X", "X", "X", "X", "X"], "sphinx_fil": ["X", "X", "X", "2", "X", "2", "2", "0", "X", "X"], "wit": ["hello", "one", "", "hello", "hello", "who", "", "", "hello", "when"], "time3": 1.4912700653076172, "time8": 1.7674970626831055, "time9": 2.6338610649108887, "time4": 2.0999951362609863, "time5": 2.0807878971099854, "time6": 2.214185953140259, "time7": 1.9878571033477783, "time0": 1.575998067855835, "time1": 1.6121621131896973, "time2": 2.1679019927978516, "googleCloud_fil": ["0", "1", "6", "X", "X", "2", "X", "X", "2", "X"], "final": "0162722822", "total_time": 19.76323699951172, "bing_fil": ["X", "1", "X", "2", "7", "X", "X", "X", "X", "2"], "houndify": ["X", "X", "X", "X", "X", "X", "X", "X", "X", "X"], "wit_fil": ["0", "1", "X", "0", "0", "2", "X", "X", "0", "X"], "googleCloud": ["zero", "one", "six", "X", "X", "two", "X", "X", "two", "X"], "sphinx": ["well", "then", "they who", "do", "the", "to", "i do", "you know", "good", "lou"], "ibm": ["zero", "one", "X", "to", "that", "so", "to", "eight", "who", "who"], "google_fil": ["X", "1", "X", "X", "X", "X", "X", "X", "X", "X"], "bing": ["X", "one", "X", "two", "seven", "X", "X", "X", "X", "who"], "ibm_fil": ["0", "1", "X", "2", "X", "X", "2", "8", "2", "2"], "houndify_fil": ["X", "X", "X", "X", "X", "X", "X", "X", "X", "X"]}