{"bing_fil": [null, "44", null, null, null, "55", null, "888", "9", "44"], "google": ["X", "X", "X", "X", "X", "X", "X", "X", "not", "X"], "sphinx": ["the", "more", "war", "are you", "and having", "why", "oh i", "good", "no i", "laura"], "ibm": ["I", "or", "or", "X", "I don't", "by", "or", "eight", "well", "or"], "google_fil": [null, null, null, null, null, null, null, null, null, null], "wit": ["hey", "four", "what are", "seven", "seven", "buy", "where", "", "nine", "four"], "bing": ["X", "four", "X", "X", "second", "five", "score", "eight", "no", "four"], "sphinx_fil": [null, "4", null, null, null, "5", null, null, "9", null], "googleCloud_fil": ["888", "44", "44", "77", null, null, null, null, null, null], "wit_fil": ["8", "44", null, "77", "77", "59", null, null, "99", "44"], "ibm_fil": ["59", "44", "44", null, null, "59", "44", "888", "0", "44"], "final": "8447754894", "googleCloud": ["eight", "four", "four", "seven", "X", "X", "X", "X", "X", "X"]}