{"bing_fil": ["X", "4", "X", "X", "X", "5", "X", "8", "X", "4"], "google": ["X", "X", "X", "X", "X", "X", "X", "X", "not", "X"], "sphinx": ["the", "more", "war", "are you", "and having", "why", "oh i", "good", "no i", "laura"], "ibm": ["I", "or", "or", "X", "I don't", "by", "or", "eight", "well", "or"], "google_fil": ["X", "X", "X", "X", "X", "X", "X", "X", "X", "X"], "wit": ["hey", "four", "what are", "seven", "seven", "buy", "where", "", "nine", "four"], "bing": ["X", "four", "X", "X", "second", "five", "score", "eight", "no", "four"], "sphinx_fil": ["X", "X", "X", "X", "X", "X", "X", "X", "X", "X"], "googleCloud_fil": ["8", "4", "4", "7", "X", "X", "X", "X", "X", "X"], "wit_fil": ["X", "4", "X", "7", "7", "X", "X", "X", "9", "4"], "ibm_fil": ["X", "X", "X", "X", "X", "X", "X", "8", "X", "X"], "final": "XXXXXXXXXX", "googleCloud": ["eight", "four", "four", "seven", "X", "X", "X", "X", "X", "X"]}