{"google": ["X", "X", "X", "X", "X", "X", "X", "X", "not", "X"], "sphinx_fil": ["X", "4", "X", "X", "X", "X", "X", "X", "9", "X"], "wit": ["hey", "four", "what are", "seven", "seven", "buy", "where", "", "nine", "four"], "time3": 17.644354104995728, "time8": 4.295805215835571, "time9": 2.191159963607788, "time4": 2.612017869949341, "time5": 1.6447169780731201, "time6": 2.4119181632995605, "time7": 2.8797080516815186, "time0": 3.3879480361938477, "time1": 1.6577348709106445, "time2": 2.045041084289551, "googleCloud_fil": ["8", "4", "4", "7", "X", "X", "X", "X", "X", "X"], "final": "8447754894", "total_time": 40.98284387588501, "bing_fil": ["X", "4", "X", "X", "X", "5", "X", "8", "9", "4"], "houndify": ["X", "X", "X", "X", "X", "X", "X", "X", "X", "X"], "wit_fil": ["8", "4", "X", "7", "7", "X", "X", "X", "9", "4"], "googleCloud": ["eight", "four", "four", "seven", "X", "X", "X", "X", "X", "X"], "sphinx": ["the", "more", "war", "are you", "and having", "why", "oh i", "good", "no i", "laura"], "ibm": ["I", "or", "or", "X", "I don't", "by", "or", "eight", "well", "or"], "google_fil": ["X", "X", "X", "X", "X", "X", "X", "X", "X", "X"], "bing": ["X", "four", "X", "X", "second", "five", "score", "eight", "no", "four"], "ibm_fil": ["X", "4", "4", "X", "X", "X", "4", "8", "X", "4"], "houndify_fil": ["X", "X", "X", "X", "X", "X", "X", "X", "X", "X"]}