{"bing_fil": ["3", "X", "X", "4", "3", "0", "7", "7", "X", "X"], "google": ["free", "X", "X", "4", "3", "0", "X", "7", "now", "X"], "sphinx": ["pray", "no i", "good", "bowler", "really", "you know", "heaven", "to name", "none", "it"], "ibm": ["three", "or", "nine", "or", "every", "zero", "seven", "seven", "nine", "to"], "google_fil": ["X", "X", "X", "4", "3", "0", "X", "7", "X", "X"], "wit": ["", "are", "nine", "or", "three", "you are", "seven", "seven", "nine", "two"], "bing": ["three", "war", "no", "four", "three", "zero", "seven", "seven", "no", "X"], "sphinx_fil": ["X", "X", "X", "X", "X", "X", "X", "X", "X", "X"], "googleCloud_fil": ["3", "4", "9", "4", "3", "0", "X", "7", "9", "X"], "wit_fil": ["X", "X", "9", "X", "3", "X", "7", "7", "9", "2"], "ibm_fil": ["3", "X", "9", "X", "X", "0", "7", "7", "9", "2"], "final": "XXX430X7XX", "googleCloud": ["three", "four", "nine", "four", "three", "zero", "X", "seven", "nine", "X"]}