{"google": ["free", "X", "X", "4", "3", "0", "X", "7", "now", "X"], "sphinx_fil": ["X", "9", "X", "X", "X", "0", "7", "X", "1", "8"], "wit": ["", "are", "nine", "or", "three", "you are", "seven", "seven", "nine", "two"], "time3": 1.8492610454559326, "time8": 1.7788481712341309, "time9": 3.3719990253448486, "time4": 2.915972948074341, "time5": 2.309670925140381, "time6": 2.8351950645446777, "time7": 2.401578903198242, "time0": 2.491576910018921, "time1": 2.3524930477142334, "time2": 2.27012300491333, "googleCloud_fil": ["3", "4", "9", "4", "3", "0", "X", "7", "9", "X"], "final": "3494307792", "total_time": 25.029535055160522, "bing_fil": ["3", "X", "9", "4", "3", "0", "7", "7", "9", "X"], "houndify": ["sry", "morre", "mine", "fore", "iiii", "zero", "the seven", "sevan", "mine", "tu"], "wit_fil": ["X", "X", "9", "4", "3", "X", "7", "7", "9", "2"], "googleCloud": ["three", "four", "nine", "four", "three", "zero", "X", "seven", "nine", "X"], "sphinx": ["pray", "no i", "good", "bowler", "really", "you know", "heaven", "to name", "none", "it"], "ibm": ["three", "or", "nine", "or", "every", "zero", "seven", "seven", "nine", "to"], "google_fil": ["3", "X", "X", "4", "3", "0", "X", "7", "X", "X"], "bing": ["three", "war", "no", "four", "three", "zero", "seven", "seven", "no", "X"], "ibm_fil": ["3", "4", "9", "4", "X", "0", "7", "7", "9", "2"], "houndify_fil": ["X", "X", "9", "X", "X", "0", "7", "X", "9", "X"]}