{"bing_fil": ["33", null, "9", "44", "33", "00", "77", "77", "9", null], "google": ["free", "X", "X", "4", "3", "0", "X", "7", "now", "X"], "sphinx": ["pray", "no i", "good", "bowler", "really", "you know", "heaven", "to name", "none", "it"], "ibm": ["three", "or", "nine", "or", "every", "zero", "seven", "seven", "nine", "to"], "google_fil": ["33", null, null, "44", "33", "00", null, "77", null, null], "wit": ["", "are", "nine", "or", "three", "you are", "seven", "seven", "nine", "two"], "bing": ["three", "war", "no", "four", "three", "zero", "seven", "seven", "no", "X"], "sphinx_fil": [null, "9", null, null, "3", "0", "7", null, "9", "68"], "googleCloud_fil": ["33", "44", "99", "44", "33", "00", null, "77", "99", null], "wit_fil": [null, null, "99", "44", "33", null, "77", "77", "99", "22"], "ibm_fil": ["33", "44", "99", "44", null, "00", "77", "77", "99", "22"], "final": "3494307792", "googleCloud": ["three", "four", "nine", "four", "three", "zero", "X", "seven", "nine", "X"]}