{"google": ["X", "7", "1", "4", "X", "X", "8", "free", "X", "1"], "sphinx_fil": ["X", "X", "X", "X", "1", "9", "X", "8", "X", "1"], "wit": ["how do", "seven", "one", "four", "one", "nine", "", "hey", "three", "one"], "time3": 1.5304319858551025, "time8": 2.6662659645080566, "time9": 2.729853868484497, "time4": 1.7744169235229492, "time5": 1.783519983291626, "time6": 2.0831971168518066, "time7": 2.4709160327911377, "time0": 2.3029510974884033, "time1": 2.0915300846099854, "time2": 18.80074691772461, "googleCloud_fil": ["X", "7", "1", "4", "1", "X", "8", "3", "X", "1"], "final": "2714198331", "total_time": 38.44243311882019, "bing_fil": ["2", "7", "X", "4", "1", "9", "8", "X", "3", "1"], "houndify": ["X", "X", "X", "X", "X", "X", "X", "X", "X", "X"], "wit_fil": ["2", "7", "1", "4", "1", "9", "X", "8", "3", "1"], "googleCloud": ["X", "seven", "one", "four", "one", "X", "eight", "three", "X", "one"], "sphinx": ["how do you", "the", "martin", "all end", "juan", "brian", "they are", "hey", "really", "more than one"], "ibm": ["how do", "that", "one", "or", "one", "right", "a", "they", "re", "one"], "google_fil": ["X", "7", "1", "4", "X", "X", "8", "3", "X", "1"], "bing": ["two", "seven", "X", "or", "one", "no", "eight", "OK", "three", "one"], "ibm_fil": ["2", "X", "1", "4", "1", "X", "8", "8", "X", "1"], "houndify_fil": ["X", "X", "X", "X", "X", "X", "X", "X", "X", "X"]}