{"bing_fil": ["2", "7", "X", "X", "1", "X", "8", "X", "3", "1"], "google": ["X", "7", "1", "4", "X", "X", "8", "free", "X", "1"], "sphinx": ["how do you", "the", "martin", "all end", "juan", "brian", "they are", "hey", "really", "more than one"], "ibm": ["how do", "that", "one", "or", "one", "right", "a", "they", "re", "one"], "google_fil": ["X", "7", "1", "4", "X", "X", "8", "X", "X", "1"], "wit": ["how do", "seven", "one", "four", "one", "nine", "", "hey", "three", "one"], "bing": ["two", "seven", "X", "or", "one", "no", "eight", "OK", "three", "one"], "sphinx_fil": ["X", "X", "X", "X", "X", "X", "X", "X", "X", "X"], "googleCloud_fil": ["X", "7", "1", "4", "1", "X", "8", "3", "X", "1"], "wit_fil": ["X", "7", "1", "4", "1", "9", "X", "X", "3", "1"], "ibm_fil": ["X", "X", "1", "X", "1", "X", "X", "X", "X", "1"], "final": "X7141X8XX1", "googleCloud": ["X", "seven", "one", "four", "one", "X", "eight", "three", "X", "one"]}