{"bing_fil": ["22", "77", null, "44", "11", "9", "888", null, "33", "11"], "google": ["X", "7", "1", "4", "X", "X", "8", "free", "X", "1"], "sphinx": ["how do you", "the", "martin", "all end", "juan", "brian", "they are", "hey", "really", "more than one"], "ibm": ["how do", "that", "one", "or", "one", "right", "a", "they", "re", "one"], "google_fil": [null, "77", "11", "44", null, null, "888", "33", null, "11"], "wit": ["how do", "seven", "one", "four", "one", "nine", "", "hey", "three", "one"], "bing": ["two", "seven", "X", "or", "one", "no", "eight", "OK", "three", "one"], "sphinx_fil": [null, null, null, null, "1", "9", null, "8", "3", null], "googleCloud_fil": [null, "77", "11", "44", "11", null, "888", "33", null, "11"], "wit_fil": ["2", "77", "11", "44", "11", "99", null, "8", "33", "11"], "ibm_fil": ["2", null, "11", "44", "11", null, "8", "8", null, "11"], "final": "2714198331", "googleCloud": ["X", "seven", "one", "four", "one", "X", "eight", "three", "X", "one"]}